279,313,take.v.4,cup,
384,438,turn.v.4,tap,
410,426,place.v.1,cup,tap,
426,507,wash.v.3,cup,
507,632,fill.v.1,cup,water,
549,598,turn.v.4,tap,
736,781,place.v.1,cup,dispenser,
819,841,press.v.1,button,dispenser,
1029,1105,take.v.4,cup,
1228,1295,place.v.1,cup,table,pad,
1424,1473,take.v.4,jar,
1612,1660,place.v.1,jar,table,
1780,1813,take.v.4,spoon,
1882,1944,open.v.1,jar,
1883,1928,hold.v.2,spoon,
1932,1963,take.v.8,sugar,spoon,jar,
1964,1986,move.v.1,sugar,spoon,cup,
1986,1998,drop.v.2,sugar,water,cup,spoon,
2010,2162,stir.v.1,spoon,water,cup,
2167,2202,shake.v.1,spoon,cup,
