120,247,move.v.2,rest,
360,449,move.v.2,seat,
730,762,pull out.v.1,weight pin,
762,842,insert.v.1,weight pin,
842,887,rotate.v.1,weight setting,
1014,1058,pull.v.1,rowing machine,
1058,1087,push.v.1,rowing machine,
1087,1111,pull.v.1,rowing machine,
1111,1146,push.v.1,rowing machine,
1146,1178,let go.v.1,rowing machine,
1220,1247,pull.v.1,weight pin,
1247,1292,insert.v.1,weight pin,
1292,1324,rotate.v.1,weight setting,
1371,1410,pull.v.1,rowing machine,
1410,1436,push.v.1,rowing machine,
1436,1463,pull.v.1,rowing machine,
1463,1491,push.v.1,rowing machine,
1491,1518,pull.v.1,rowing machine,
1518,1546,push.v.1,rowing machine,
1546,1573,pull.v.1,rowing machine,
1573,1598,push.v.1,rowing machine,
1598,1627,pull.v.1,rowing machine,
1627,1657,push.v.1,rowing machine,
1660,1686,pull.v.1,rowing machine,
1686,1704,push.v.1,rowing machine,
1704,1734,pull.v.1,rowing machine,
1734,1763,push.v.1,rowing machine,
1763,1832,let go.v.1,rowing machine,
1851,1890,rotate.v.1,weight setting,
1907,1933,pull out.v.1,weight pin,
1933,1969,insert.v.1,weight pin,
1969,1991,rotate.v.1,weight setting,
2027,2076,pull.v.1,rowing machine,
2076,2102,push.v.1,rowing machine,
2102,2127,pull.v.1,rowing machine,
2127,2156,push.v.1,rowing machine,
2156,2182,pull.v.1,rowing machine,
2182,2209,push.v.1,rowing machine,
2209,2236,pull.v.1,rowing machine,
2236,2265,push.v.1,rowing machine,
2265,2286,pull.v.1,rowing machine,
2286,2319,push.v.1,rowing machine,
2319,2343,pull.v.1,rowing machine,
2343,2372,push.v.1,rowing machine,
2372,2398,pull.v.1,rowing machine,
2398,2426,push.v.1,rowing machine,
2426,2454,pull.v.1,rowing machine,
2454,2481,push.v.1,rowing machine,
2481,2508,pull.v.1,rowing machine,
2508,2536,push.v.1,rowing machine,
2536,2564,pull.v.1,rowing machine,
2564,2598,push.v.1,rowing machine,
2598,2644,let go.v.1,rowing machine,
