203,221,press.v.1,button,
462,665,hold down.v.1,button,
1594,1626,hold down.v.1,button,
2271,2298,press.v.1,button,
2298,2308,press.v.1,button,
2308,2324,press.v.1,button,
2333,2354,press.v.1,button,
2354,2370,press.v.1,button,
2370,2385,press.v.1,button,
2650,2667,press.v.1,button,
2784,2805,press.v.1,button,
3270,3306,insert.v.1,foot, pedal,
3310,3406,insert.v.1,foot, pedal,
3590,3615,press.v.1,button,
3694,3717,press.v.1,button,
3717,3729,press.v.1,button,
3729,3744,press.v.1,button,
3744,3760,press.v.1,button,
3760,3775,press.v.1,button,
3775,3786,press.v.1,button,
4554,4588,press.v.1,button,
4587,4616,press.v.1,button,
