200,225,press.v.1,button,
367,474,hold down.v.1,button,
609,708,hold down.v.1,button,
916,979,hold down.v.1,button,
1837,1864,press.v.1,button,
1864,1873,press.v.1,button,
2061,2130,hold down.v.1,button,
2501,2518,press.v.1,button,
2518,2534,press.v.1,button,
2966,2985,press.v.1,button,
3143,3167,press.v.1,button,
3665,3711,insert.v.1,foot, pedal,
3712,3769,insert.v.1,foot, pedal,
4027,4056,press.v.1,button,
4298,4320,press.v.1,button,
4320,4338,press.v.1,button,
4335,4350,press.v.1,button,
4350,4366,press.v.1,button,
4366,4382,press.v.1,button,
4382,4396,press.v.1,button,
5008,5036,press.v.1,button,
5036,5050,press.v.1,button,
5050,5062,press.v.1,button,
5820,5859,press.v.1,button,
5871,5900,press.v.1,button,
