128,182,press.v.1,button,
300,512,hold down.v.1,button,
522,619,hold down.v.1,button,
1963,1994,press.v.1,button,
1994,2009,press.v.1,button,
2009,2029,press.v.1,button,
2029,2043,press.v.1,button,
2043,2063,press.v.1,button,
2063,2079,press.v.1,button,
2112,2253,hold down.v.1,button,
2288,2335,press.v.1,button,
2433,2471,press.v.1,button,
2916,2972,press.v.1,button,
3022,3067,press.v.1,button,
3145,3256,hold down.v.1,button,
4691,4838,hold down.v.1,button,
4899,4947,press.v.1,button,
4947,4978,press.v.1,button,
5004,5039,press.v.1,button,
