172,220,press.v.1,button,
346,547,hold down.v.1,button,
561,697,hold down.v.1,button,
1837,1860,press.v.1,button,
1860,1879,press.v.1,button,
1879,1897,press.v.1,button,
1896,1908,press.v.1,button,
1908,1925,press.v.1,button,
1925,1940,press.v.1,button,
1940,1956,press.v.1,button,
1954,1972,press.v.1,button,
1998,2022,press.v.1,button,
2047,2262,hold down.v.1,button,
2297,2353,press.v.1,button,
2460,2544,press.v.1,button,
3038,3090,press.v.1,button,
3138,3237,hold down.v.1,button,
4324,4484,hold down.v.1,button,
4516,4561,press.v.1,button,
4585,4643,press.v.1,button,
4694,4717,press.v.1,button,
