118,164,pull.v.4,lever,
136,159,lift.v.1,seat,
188,206,push.v.5,seat,
229,252,pull.v.3,lever,
229,244,lift.v.1,seat,
267,286,press.v.1,seat,
294,392,hold.v.2,gym machine cushion,
412,472,pull up.v.3,lever,
465,472,release.v.1,lever,
418,470,pull.v.2,gym machine cushion,
496,508,grip.v.1,handles,
543,560,remove.v.1,rod,
561,597,position.v.1,rod,
597,615,insert.v.3,rod,
640,672,grip.v.1,handles,
684,726,pull.v.2,handles,
1866,1872,touch.v.1,gym machine cushion,
1670,1698,release.v.1,handles,
649,669,adjust.v.1,hands,
727,780,weaken.v.5,pull,
780,817,pull.v.2,handles,
822,882,release.v.2,pull,
882,905,pull.v.2,handles,
905,965,release.v.2,pull,
969,1008,pull.v.2,handles,
1006,1065,release.v.2,pull,
1066,1094,pull.v.2,handles,
1097,1161,release.v.2,pull,
1162,1193,pull.v.2,handles,
1195,1250,release.v.2,pull,
1250,1283,pull.v.2,handles,
1281,1348,release.v.2,pull,
1348,1376,pull.v.2,handles,
1376,1429,release.v.2,pull,
1429,1483,pull.v.2,handles,
1483,1532,release.v.2,pull,
1532,1578,pull.v.2,handles,
1578,1664,release.v.1,pull,
342,368,sit.v.3,seat,
395,431,place.v.1,feet, rest,
1700,1737,remove.v.4,feet, rest,
