136,136,hook.v.1,cup handle,
171,171,drag.v.2,cup/mug,
182,182,lift.v.1,cup/mug,
195,195,carry.v.1,cup/mug,
241,241,rotate.v.1,handle,
278,278,hold.v.2,water handle,
292,292,rotate.v.4,cup/mug,
325,325,rotate.v.4,cup/mug ,
375,375,rotate.v.4,cup/mug,
444,444,rotate.v.1,water handle,
545,545,insert.v.3,cup/mug, machine,
615,615,press.v.1,machine button,
758,758,grasp.v.1,cup/mug handle,
772,772,draw.v.1,cup/mug,
895,895,lower.v.1,mug/cup,
1022,1022,grab.v.1,container,
1185,1185,take.v.1,teaspoon,
1251,1251,scoop.v.1,sugar,
1280,1280,lift.v.3,sugar container lid,
1312,1312,close.v.2,sugar container lid,
1331,1331,pour.v.3,sugar, teaspoon, mug,
1342,1342,stir.v.8,teaspoon, cup,
1531,1531,tap.v.7,teaspoon, cup,
