141,219,move.v.2,rest,
306,401,move.v.2,seat,
583,618,pull out.v.1,weight pin,
618,670,insert.v.1,weight pin,
670,727,rotate.v.1,weight setting,
847,905,pull.v.1,rowing machine,
905,938,push.v.1,rowing machine,
938,968,pull.v.1,rowing machine,
968,1001,push.v.1,rowing machine,
1001,1036,pull.v.1,rowing machine,
1036,1066,push.v.1,rowing machine,
1066,1101,pull.v.1,rowing machine,
1101,1130,push.v.1,rowing machine,
1130,1164,pull.v.1,rowing machine,
1164,1194,push.v.1,rowing machine,
1194,1228,pull.v.1,rowing machine,
1228,1258,push.v.1,rowing machine,
1258,1289,pull.v.1,rowing machine,
1289,1323,push.v.1,rowing machine,
1323,1352,pull.v.1,rowing machine,
1352,1385,push.v.1,rowing machine,
1385,1417,pull.v.1,rowing machine,
1417,1449,push.v.1,rowing machine,
1449,1484,let go.v.1,rowing machine,
1517,1554,rotate.v.1,weight setting,
1614,1648,pull.v.1,rowing machine,
1648,1676,push.v.1,rowing machine,
1675,1701,pull.v.1,rowing machine,
1701,1736,push.v.1,rowing machine,
1736,1762,pull.v.1,rowing machine,
1762,1794,push.v.1,rowing machine,
1794,1820,pull.v.1,rowing machine,
1820,1851,push.v.1,rowing machine,
1851,1882,pull.v.1,rowing machine,
1882,1910,push.v.1,rowing machine,
1910,1939,pull.v.1,rowing machine,
1939,1966,push.v.1,rowing machine,
1966,1999,pull.v.1,rowing machine,
1999,2030,push.v.1,rowing machine,
2030,2060,pull.v.1,rowing machine,
2060,2097,push.v.1,rowing machine,
2097,2148,let go.v.1,rowing machine,
