153,260,move.v.2,rest,
414,523,move.v.2,seat,
838,872,pull out.v.1,weight pin,
872,931,insert.v.1,weight pin,
938,999,rotate.v.1,weight setting,
1153,1203,pull.v.1,rowing machine,
1203,1241,push.v.1,rowing machine,
1241,1274,pull.v.1,rowing machine,
1274,1303,push.v.1,rowing machine,
1303,1335,pull.v.1,rowing machine,
1335,1365,push.v.1,rowing machine,
1365,1395,pull.v.1,rowing machine,
1395,1422,push.v.1,rowing machine,
1422,1453,pull.v.1,rowing machine,
1453,1483,push.v.1,rowing machine,
1483,1518,pull.v.1,rowing machine,
1518,1550,push.v.1,rowing machine,
1550,1578,pull.v.1,rowing machine,
1578,1622,push.v.1,rowing machine,
1622,1682,let go.v.1,rowing machine,
1750,1811,rotate.v.1,weight setting,
1900,1936,pull.v.1,rowing machine,
1936,1970,push.v.1,rowing machine,
1970,2004,pull.v.1,rowing machine,
2004,2039,push.v.1,rowing machine,
2039,2098,push.v.1,rowing machine,
2098,2134,pull.v.1,rowing machine,
2134,2233,push.v.1,rowing machine,
2233,2247,let go.v.1,rowing machine,
2297,2340,pull out.v.1,weight pin,
2340,2437,insert.v.1,weight pin,
2491,2529,pull.v.1,rowing machine,
2529,2565,push.v.1,rowing machine,
2565,2595,pull.v.1,rowing machine,
2595,2626,push.v.1,rowing machine,
2626,2658,pull.v.1,rowing machine,
2658,2690,push.v.1,rowing machine,
2690,2720,pull.v.1,rowing machine,
2720,2751,push.v.1,rowing machine,
2751,2784,pull.v.1,rowing machine,
2784,2816,push.v.1,rowing machine,
2816,2847,pull.v.1,rowing machine,
2847,2928,push.v.1,rowing machine,
2928,2953,let go.v.1,rowing machine,
