174,206,press.v.1,button,
384,580,hold down.v.1,button,
1026,1045,press.v.1,button,
1045,1062,press.v.1,button,
1062,1075,press.v.1,button,
1472,1493,press.v.1,button,
1493,1508,press.v.1,button,
1508,1521,press.v.1,button,
1540,1556,press.v.1,button,
1761,1785,press.v.1,button,
1785,1799,press.v.1,button,
1847,1881,press.v.1,button,
1881,1889,press.v.1,button,
1889,1901,press.v.1,button,
2424,2451,press.v.1,stop button,
2630,2650,press.v.1,button,
3164,3197,insert.v.1,foot, pedal,
3282,3420,adjust.v.1,pedal,
3460,3495,insert.v.1,pedal,
3495,3528,insert.v.1,foot, pedal,
3821,3852,press.v.1,button,
4136,4157,press.v.1,button,
4157,4166,press.v.1,button,
4166,4188,press.v.1,button,
4188,4198,press.v.1,button,
4198,4226,press.v.1,button,
4820,4851,press.v.1,button,
4851,4867,press.v.1,button,
4867,4879,press.v.1,button,
4879,4892,press.v.1,button,
5211,5239,press.v.1,button,
5239,5261,press.v.1,button,
5276,5300,press.v.1,button,
