90,167,move.v.2,seat,
187,258,move.v.2,rest,
345,381,pull out.v.1,weight pin,
381,440,insert.v.1,weight pin,
549,577,pull.v.1,rowing machine,
577,613,push.v.1,rowing machine,
613,641,pull.v.1,rowing machine,
641,675,push.v.1,rowing machine,
675,706,pull.v.1,rowing machine,
706,740,push.v.1,rowing machine,
740,768,pull.v.1,rowing machine,
768,797,push.v.1,rowing machine,
797,829,pull.v.1,rowing machine,
829,860,push.v.1,rowing machine,
860,885,pull.v.1,rowing machine,
885,918,push.v.1,rowing machine,
918,944,pull.v.1,rowing machine,
944,978,push.v.1,rowing machine,
978,1005,pull.v.1,rowing machine,
1005,1034,push.v.1,rowing machine,
1034,1063,pull.v.1,rowing machine,
1063,1096,push.v.1,rowing machine,
1096,1129,pull.v.1,rowing machine,
1129,1171,push.v.1,rowing machine,
1171,1198,let go.v.1,rowing machine,
1222,1259,pull out.v.1,weight pin,
1259,1301,insert.v.1,weight pin,
