178,229,press.v.1,button,
331,528,hold down.v.1,button,
568,595,press.v.1,button,
595,609,press.v.1,button,
609,623,press.v.1,button,
623,637,press.v.1,button,
637,651,press.v.1,button,
651,664,press.v.1,button,
664,674,press.v.1,button,
1724,1769,press.v.1,button,
1769,1779,press.v.1,button,
1779,1791,press.v.1,button,
1791,1822,press.v.1,button,
1822,1835,press.v.1,button,
1835,1848,press.v.1,button,
1848,1863,press.v.1,button,
1863,1882,press.v.1,button,
1897,2097,hold down.v.1,button,
2115,2159,press.v.1,button,
2159,2284,press.v.1,button,
2846,2912,press.v.1,button,
2915,2953,press.v.1,button,
2959,2975,press.v.1,button,
3009,3088,hold down.v.1,button,
4433,4469,press.v.1,button,
4469,4493,press.v.1,button,
4493,4545,press.v.1,button,
4560,4607,press.v.1,button,
