100,194,move.v.2,seat,
350,477,move.v.2,rest,
516,551,pull out.v.1,weight pin,
551,622,insert.v.1,weight pin,
650,748,pull.v.1,rowing machine,
748,801,push.v.1,rowing machine,
801,844,pull.v.1,rowing machine,
844,904,push.v.1,rowing machine,
904,939,pull.v.1,rowing machine,
939,992,push.v.1,rowing machine,
992,1034,pull.v.1,rowing machine,
1034,1086,push.v.1,rowing machine,
1086,1123,pull.v.1,rowing machine,
1123,1183,push.v.1,rowing machine,
1183,1219,pull.v.1,rowing machine,
1219,1270,push.v.1,rowing machine,
1270,1310,pull.v.1,rowing machine,
1310,1362,push.v.1,rowing machine,
1362,1398,pull.v.1,rowing machine,
1398,1450,push.v.1,rowing machine,
1450,1484,pull.v.1,rowing machine,
1484,1537,push.v.1,rowing machine,
1537,1571,pull.v.1,rowing machine,
1571,1625,push.v.1,rowing machine,
1625,1665,pull.v.1,rowing machine,
1665,1703,push.v.1,rowing machine,
1703,1759,let go.v.1,rowing machine,
