195,238,pick up.v.2,mug,
238,311,carry.v.1,mug,
312,346,turn on.v.1,tap,
431,474,turn off.v.1,tap,
319,380,wash up.v.3,cup,
377,438,fill up.v.1,mug,
473,621,carry.v.1,mug,
622,649,put down.v.1,mug,
688,725,press.v.1,machine on button,
740,885,wait.v.1,nothing,
885,938,pick up.v.2,mug,
938,1099,carry.v.1,mug,
1062,1128,put down.v.1,mug,
1264,1307,pick up.v.2,jar,
1307,1454,carry.v.1,jar,
1429,1491,put down.v.1,jar,
1491,1566,pick up.v.1,spoon,
1632,1680,open.v.1,jar,
1671,1725,spoon.v.1,spoon, sugar,
1748,1890,stir.v.8,spoon, mug, water,
