228,282,pick up.v.1,mug,
331,488,wash up.v.3,tap, mug,
494,545,fill up.v.1,mug,
345,415,turn on.v.1,tap,
503,569,turn off.v.1,tap,
661,766,put down.v.1,mug, machine,
807,840,press.v.1,machine,
999,1066,pick up.v.1,mug,
1166,1232,put down.v.1,mug,
1401,1458,pick up.v.1,jar,
1549,1603,put down.v.1,jar,
1633,1696,pick up.v.2,spoon,
1722,1755,open.v.1,jar,
1774,1840,spoon.v.1,spoon, sugar,
1842,1969,stir.v.8,mug, water, spoon,
276,356,carry.v.1,mug,
619,697,carry.v.1,mug,
855,985,wait.v.1,nothing,
1041,1167,carry.v.1,mug,
1437,1557,carry.v.1,jar,
