54,143,get on.v.3,treadmill,
132,195,start.v.2,treadmill,
205,374,type.v.1,treadmill,
444,2167,walk.v.1,treadmill,
2168,2229,stop.v.2,treadmill,
2229,2353,get off.v.1,treadmill,
2465,2604,sit down.v.1,stationary bike,
1053,1135,press.v.1,treadmill buttons,
1883,1914,press.v.1,treadmill buttons,
1922,2158,press.v.1,treadmill buttons,
2487,2535,turn on.v.1,stationary bike,
2720,4878,pedal.v.1,stationary bike,
2729,2843,press.v.1,stationary bike buttons,
4852,4985,stop.v.2,stationary bike,
2603,2707,set up.v.4,stationary bike pedals,
2957,2994,relax.v.4,arms,
4982,5041,turn off.v.1,stationary bike,
