53,149,step.v.7,treadmill,
151,235,press.v.1,button,
340,547,press.v.1,button,
555,710,press.v.1,button,
1833,1987,press.v.1,button,
1992,2029,press.v.1,button,
2035,2268,press.v.1,button,
2279,2388,press.v.1,button,
2438,2545,press.v.1,button,
2585,2644,step.v.7,floor,
2744,2814,sit.v.1,bike,
2814,2886,place.v.1,feet, pedals,
3030,3107,press.v.1,button,
3126,3245,press.v.1,button,
4321,4491,press.v.1,button,
4505,4558,press.v.1,button,
4556,4601,press.v.1,button,
4601,4729,press.v.1,button,
4730,4769,stand.v.1,person,
