46,119,step.v.7,treadmill,
114,203,press.v.1,button, treadmill,
292,516,press.v.1,button, treadmill,
517,627,press.v.1,button, treadmill,
1958,1995,press.v.1,button, treadmill,
1995,2008,press.v.1,button, treadmill,
2008,2016,press.v.1,button, treadmill,
2016,2026,press.v.1,button,
2026,2041,press.v.1,button,
2041,2053,press.v.1,button,
2042,2057,press.v.1,button, treadmill,
2057,2093,press.v.1,button, treadmill,
2101,2262,press.v.1,button, treadmill,
2269,2351,press.v.1,button, treadmill,
2424,2485,press.v.1,button, treadmill,
2549,2609,step.v.7,floor,
2725,2801,sit.v.1,bike,
2792,2871,rest.v.8,pedals,
2910,2991,press.v.1,button,
3008,3080,press.v.1,button,
3145,3266,press.v.1,button,
4686,4873,press.v.1,button,
4900,5052,press.v.1,button,
