181,198,lift.v.1,knob,
198,230,pull.v.1,pad,
230,241,release.v.1,knob,
430,469,pull.v.1,knob,
477,495,release.v.1,knob,
704,736,grasp.v.1,pad,
730,773,sit.v.1,seat,
852,890,pull out.v.1,weight pin,
890,931,insert.v.1,weight pin,
936,995,adjust.v.1,dial,
1099,1119,step.v.2,foot rest,
1143,1157,grasp.v.1,hand bars,
1160,1209,pull.v.1,hand bars,
1209,1236,return.v.1,hand bars,
1236,1272,pull.v.1,hand bars,
1272,1303,return.v.1,hand bars,
1303,1332,pull.v.1,hand bars,
1332,1363,return.v.1,hand bars,
1363,1393,pull.v.1,hand bars,
1393,1427,return.v.1,hand bars,
1427,1452,pull.v.1,hand bars,
1452,1479,return.v.1,hand bars,
1479,1518,pull.v.1,hand bars,
1518,1551,return.v.1,hand bars,
1551,1579,pull.v.1,hand bars,
1579,1613,return.v.1,hand bars,
1664,1672,release.v.1,hand bars,
1762,1803,adjust.v.1,dial,
1876,1896,grip.v.1,hand bars,
1896,1937,pull.v.1,hand bars,
1937,1969,return.v.1,hand bars,
1969,2005,pull.v.1,hand bars,
2005,2039,return.v.1,hand bars,
2039,2069,pull.v.1,hand bars,
2069,2104,return.v.1,hand bars,
2104,2134,pull.v.1,hand bars,
2134,2170,return.v.1,hand bars,
2216,2242,release.v.1,hand bars,
2312,2329,pull out.v.1,weight pin,
2329,2360,fumble.v.3,weight pin,
2402,2421,insert.v.1,weight pin,
2480,2495,grip.v.1,hand bars,
2495,2529,pull.v.1,hand bars,
2529,2561,return.v.1,hand bars,
2561,2594,pull.v.1,hand bars,
2594,2626,return.v.1,hand bars,
2626,2658,pull.v.1,hand bars,
2658,2692,return.v.1,hand bars,
2692,2719,pull.v.1,hand bars,
2694,2719,pull.v.1,hand bars,
2719,2751,return.v.1,hand bars,
2751,2782,pull.v.1,hand bars,
2782,2812,return.v.1,hand bars,
2812,2845,pull.v.1,hand bars,
2845,2888,return.v.1,hand bars,
2888,2942,release.v.1,hand bars,
2953,2964,remove.v.1,feet, foot rest,
2982,3024,get up.v.1,agent, seat,
3049,3103,get off.v.1,machine,
