202,223,push.v.1,button,
370,480,push.v.1,button,
612,712,push.v.1,button,
920,980,push.v.1,button,
1835,1875,push.v.1,button,
2065,2135,push.v.1,button,
2507,2537,push.v.1,button,
2969,2989,push.v.1,button,
3141,3171,push.v.1,button,
3674,3704,place.v.1,foot, footrest,
3734,3763,place.v.1,foot, footrest,
3787,4023,pedal.v.1,pedals, feet,
4027,4057,push.v.1,button,
4066,4292,pedal.v.1,pedals, feet,
4302,4402,push.v.1,button,
4400,5013,pedal.v.1,pedals, feet,
5023,5063,push.v.1,button,
5067,5816,pedal.v.1,pedals, feet,
5826,5856,push.v.1,button,
5866,5906,push.v.1,button,
