92,99,grab.v.1,seat,
99,116,screw.v.2,screw,
116,133,lift.v.1,seat,
197,200,grab.v.1,screw,
201,209,grab.v.1,seat,
214,237,pull.v.1,seat,
237,241,release.v.1,button,
278,335,sit.v.1,user, seat,
350,361,grab.v.1,rod,
361,379,remove.v.1,rod,
361,377,pull.v.1,rod,
409,435,insert.v.1,rod,
411,440,push.v.1,rod,
492,528,grab.v.1,handles,
538,552,place.v.1,feet, footrests,
554,580,pull.v.1,handles,
580,615,push.v.1,handles,
615,644,pull.v.1,handles,
644,674,push.v.1,handles,
674,705,pull.v.1,handles,
705,741,push.v.1,handles,
741,768,pull.v.1,handles,
768,799,push.v.1,handles,
799,828,pull.v.1,handles,
828,859,push.v.1,handles,
858,887,pull.v.1,handles,
887,918,push.v.1,handles,
918,945,pull.v.1,handles,
945,975,push.v.1,handles,
975,1007,pull.v.1,handles,
1007,1033,push.v.1,handles,
1033,1065,pull.v.1,handles,
1065,1093,push.v.1,handles,
1093,1129,pull.v.1,handles,
1129,1157,push.v.1,handles,
1157,1189,release.v.1,handles,
1233,1242,grasp.v.1,rod,
1242,1256,remove.v.1,rod,
1241,1255,pull.v.1,rod,
1277,1301,insert.v.1,rod,
1271,1297,push.v.1,rod,
1356,1376,lean.v.4,seat,
