100,120,adjust.v.1,seat,
120,160,screw.v.2,screw,
220,330,pull.v.1,seat,
347,404,sit.v.1,user, seat,
452,468,pull.v.1,rod,
487,516,push.v.1,rod,
556,565,place.v.1,foot,
576,614,grab.v.1,rowing apparatus,
618,628,place.v.1,foot,
628,650,pull.v.1,handles,
650,694,push.v.1,handles,
691,722,pull.v.1,handles,
722,762,push.v.1,handles,
762,787,pull.v.1,handles,
787,818,push.v.1,handles,
818,839,pull.v.1,handles,
839,872,push.v.1,handles,
874,906,pull.v.1,handles,
906,940,push.v.1,handles,
940,967,pull.v.1,handles,
967,1003,push.v.1,handles,
1003,1032,pull.v.1,handles,
1032,1065,push.v.1,handles,
1065,1094,pull.v.1,handles,
1094,1127,push.v.1,handles,
1127,1154,pull.v.1,handles,
1154,1191,push.v.1,handles,
1191,1222,push.v.1,handles,
1222,1263,push.v.1,handles,
1292,1302,release.v.1,handles,
1346,1364,pull.v.1,rod,
1389,1416,push.v.1,rod,
459,466,remove.v.1,rod,
480,517,insert.v.1,rod,
1351,1371,remove.v.1,rod,
1393,1413,insert.v.1,rod,
