132,172,pull.v.2,seat,
213,232,lift.v.3,seat,
236,274,slide.v.1,seat,
370,404,remove.v.1,weights,
411,447,insert.v.1,weights,
481,519,grasp.v.1,rowing machine,
522,582,pull.v.10,rowing machine,
585,643,pull.v.10,rowing machine,
646,694,pull.v.10,rowing machine,
700,756,pull.v.10,rowing machine,
756,816,pull.v.10,rowing machine,
821,876,pull.v.10,rowing machine,
879,924,pull.v.10,rowing machine,
933,984,pull.v.10,rowing machine,
987,1046,pull.v.10,rowing machine,
1048,1122,pull.v.10,rowing machine,
1173,1208,remove.v.1,weights,
1213,1254,insert.v.1,weights,
