107,214,lift.v.1,seat,
406,553,slide.v.2,seat,
641,668,remove.v.1,weights,
666,705,insert.v.1,weights,
713,749,grasp.v.1,rowing machine,
808,917,pull.v.10,rowing machine,
917,995,pull.v.10,rowing machine,
993,1083,pull.v.10,rowing machine,
1107,1199,pull.v.10,rowing machine,
1201,1273,pull.v.10,rowing machine,
1285,1378,pull.v.10,rowing machine,
1375,1455,pull.v.10,rowing machine,
1459,1554,pull.v.10,rowing machine,
1554,1624,pull.v.10,rowing machine,
1628,1730,pull.v.10,rowing machine,
1728,1818,pull.v.10,rowing machine,
