107,174,lift.v.1,seat,
365,479,slide.v.2,seat,
531,554,remove.v.1,weights,
568,629,insert.v.1,weights,
631,665,grasp.v.1,rowing machine,
713,797,pull.v.10,rowing machine,
797,892,pull.v.10,rowing machine,
913,984,pull.v.10,rowing machine,
984,1087,pull.v.10,rowing machine,
1087,1179,pull.v.10,rowing machine,
1179,1273,pull.v.10,rowing machine,
1288,1366,pull.v.10,rowing machine,
1366,1449,pull.v.10,rowing machine,
1449,1543,pull.v.10,rowing machine,
1543,1615,pull.v.10,rowing machine,
1615,1704,pull.v.10,rowing machine,
