113,225,adjust.v.1,chair,
351,450,adjust.v.1,chair,
566,690,sit.v.3,chair,
730,841,move.v.1,pin,
844,888,turn.v.4,dial,
987,1019,grab.v.2,handles,
1024,1059,pull.v.1,handles,
1059,1086,relax.v.2,handles,
1086,1111,pull.v.1,handles,
1111,1165,relax.v.2,handles,
1165,1178,let go.v.1,handles,
1217,1292,move.v.1,pin,
1292,1324,turn.v.4,dial,
1361,1386,grab.v.2,handles,
1386,1411,pull.v.1,handles,
1411,1438,relax.v.2,handles,
1438,1465,pull.v.1,handles,
1465,1492,relax.v.2,handles,
1492,1519,pull.v.1,handles,
1519,1547,relax.v.2,handles,
1547,1574,pull.v.1,handles,
1574,1599,relax.v.2,handles,
1599,1626,pull.v.1,handles,
1626,1653,relax.v.2,handles,
1665,1683,pull.v.1,handle,
1683,1703,relax.v.2,handle,
1703,1735,pull.v.1,handle,
1735,1804,relax.v.2,handle,
1804,1826,let go.v.1,handles,
1849,1891,turn.v.4,dial,
1906,1965,move.v.1,pin,
1965,1995,turn.v.4,dial,
2015,2039,grab.v.1,handles,
2044,2079,pull.v.1,handles,
2079,2101,relax.v.2,handles,
2101,2123,pull.v.1,handles,
2123,2156,relax.v.2,handles,
2156,2180,pull.v.1,handles,
2180,2210,relax.v.2,handles,
2210,2240,pull.v.1,handles,
2242,2265,relax.v.2,handles,
2265,2287,pull.v.1,handles,
2287,2319,relax.v.2,handles,
2319,2341,pull.v.1,handles,
2341,2373,relax.v.2,handles,
2373,2396,pull.v.1,handles,
2396,2425,relax.v.2,handles,
2425,2455,pull.v.1,handles,
2455,2482,relax.v.2,handles,
2482,2505,pull.v.1,handles,
2505,2537,relax.v.2,handles,
2537,2559,pull.v.1,handles,
2559,2624,relax.v.2,handles,
2624,2643,let go.v.1,handles,
2678,2787,stand up.v.1,chair,
