135,220,adjust.v.1,seat,
303,401,adjust.v.1,seat,
479,568,sit.v.3,chair,
600,671,move.v.1,pin,
670,728,turn.v.4,dial,
831,853,grab.v.2,handles,
868,904,pull.v.1,handles,
905,939,relax.v.2,handles,
939,969,pull.v.1,handles,
969,1007,relax.v.2,handles,
1007,1035,pull.v.1,handles,
1035,1067,relax.v.2,handles,
1070,1101,pull.v.1,handles,
1101,1135,relax.v.2,handles,
1135,1165,pull.v.2,handles,
1165,1198,relax.v.2,handles,
1192,1230,pull.v.1,handles,
1230,1262,relax.v.2,handles,
1262,1288,pull.v.1,handles,
1288,1324,relax.v.2,handles,
1324,1353,pull.v.1,handles,
1353,1387,relax.v.2,handles,
1387,1417,pull.v.1,handles,
1417,1461,relax.v.2,handles,
1465,1481,let go.v.1,handles,
1516,1556,turn.v.4,dial,
1590,1617,grab.v.2,handles,
1617,1649,pull.v.1,handles,
1649,1680,relax.v.2,handles,
1680,1705,pull.v.1,handles,
1705,1734,relax.v.2,handles,
1734,1764,pull.v.1,handle,
1764,1795,relax.v.2,handle,
1795,1821,pull.v.1,handle,
1821,1852,relax.v.2,handle,
1852,1882,pull.v.1,handle,
1882,1913,relax.v.2,handle,
1913,1939,pull.v.1,handle,
1939,1973,relax.v.2,handle,
1973,1998,pull.v.1,handle,
1998,2034,relax.v.2,handle,
2034,2059,pull.v.1,handle,
2059,2125,relax.v.2,handle,
2130,2147,let go.v.1,handle,
2194,2304,stand up.v.1,chair,
