205,220,press.v.1,button,display,treadmill,
471,663,press.v.1,button,display,treadmill,
472,665,hold.v.1,button,display,treadmill,
1595,1625,press.v.1,button,display,treadmill,
2276,2386,press.v.1,button,display,treadmill,
2653,2670,press.v.1,button,display,treadmill,
2789,2803,press.v.1,button,display,treadmill,
3275,3296,place.v.1,foot,pedal,cycling machine,
3315,3418,place.v.1,foot,pedal,cycling machine,
3428,4688,pedal.v.1,cycling machine,human,display,
3585,3620,press.v.1,button,display,cycling machine,
3693,3797,press.v.1,button,display,cycling machine,
4564,4582,press.v.1,button,display,cycling machine,
4594,4611,press.v.1,button,display,cycling machine,
4707,4767,stand.v.1,human,cycling machine,
