90,96,step.v.2,treadmill,foot,
179,192,press.v.1,button,treadmill,
394,404,press.v.1,button,treadmill,
400,2646,run.v.1,human,
411,575,hold.v.1,button,treadmill,display,
1030,1043,press.v.1,button,treadmill,display,
1051,1056,press.v.1,treadmill,button,display,
1065,1071,press.v.1,display,treadmill,button,
1478,1491,press.v.1,display,button,treadmill,
1498,1506,press.v.1,button,display,treadmill,
1512,1519,press.v.1,button,treadmill,display,
1543,1554,press.v.1,treadmill,button,display,
1761,1784,press.v.1,display,button,treadmill,
1849,1878,press.v.1,button,treadmill,display,
1880,1886,press.v.1,button,display,treadmill,
1890,1899,press.v.1,button,display,treadmill,
2427,2447,press.v.1,button,display,treadmill,
2626,2645,press.v.1,button,display,treadmill,
3047,3062,hold.v.2,equipment,
3044,3175,sit.v.1,cycling machine,
3169,3177,push.v.1,pedal,foot,
3170,3195,place.v.1,foot,pedal,cycling machine,
3206,3221,kick.v.1,pedal,foot,cycling machine,
3306,3329,grab.v.1,pedal,hand,
3466,3493,place.v.1,foot,pedal,cycling machine,
3499,3529,place.v.1,foot,pedal,cycling machine,
3551,3567,pedal.v.1,cycling machine,display,
3829,3844,press.v.1,button,display,cycling machine,
4147,4234,press.v.1,button,display,cycling machine,
4824,4887,press.v.1,button,display,cycling machine,
5212,5261,press.v.1,button,cycling machine,display,
5281,5302,press.v.1,button,display,cycling machine,
5544,5566,hold.v.2,human,cycling machine,
