139,189,press.v.1,button,
302,518,press down.v.1,button,
516,629,press down.v.1,button,
1976,2087,press.v.1,button,
2125,2262,press down.v.1,button,
2307,2355,press.v.1,button,
2434,2486,press.v.1,button,
2744,2774,hold.v.2,handle,
2772,2820,sit.v.1,exercise machine,
2823,2875,step on.v.1,pedals,
2872,4928,drive.v.8,pedals,
2930,2972,press.v.1,button,
3033,3065,press.v.1,button,
3167,3260,press down.v.1,button,
4640,4659,touch.v.1,handle,
4704,4853,press down.v.1,button,
4918,5016,press.v.1,button,
5085,5106,touch.v.1,handle,
