181,230,press.v.1,button,
337,537,press down.v.1,button,
569,685,press down.v.1,button,
1732,1795,press down.v.1,button,
1796,1899,press.v.1,button,
1902,2103,press down.v.1,button,
2123,2147,press.v.1,button,
2147,2163,press.v.1,button,
2163,2199,press.v.1,button,
2279,2315,press.v.1,button,
2634,2694,sit.v.1,exercise machine,
2678,2694,touch.v.1,handles,
2715,2764,step on.v.1,peddles,
2764,2848,drive.v.8,peddles,
2842,2907,press.v.1,button,
2919,2984,press.v.1,button,
3005,3104,press down.v.1,button,
2996,4508,drive.v.8,pedals,,
4508,4529,press.v.1,button,
4553,4598,press.v.1,button,
