105,289,lift.v.1,seat,
301,402,sit.v.1,seat,
404,486,adjust.v.1,equipment,
550,649,move.v.1,metal rod,
627,661,grasp.v.1,handles,
657,717,pull.v.4,handles,
711,787,release.v.2,handles,
787,822,pull.v.4,handles,
822,874,release.v.2,handles,
873,916,pull.v.4,handles,
916,975,release.v.2,handles,
975,1011,pull.v.4,handles,
1008,1061,release.v.2,handles,
1062,1105,pull.v.4,handles,
1105,1159,release.v.2,handles,
1159,1199,pull.v.4,handles,
1199,1246,release.v.2,handles,
1246,1294,pull.v.4,handles,
1295,1341,release.v.2,handles,
1341,1382,pull.v.4,handles,
1379,1428,release.v.2,handles,
1456,1484,pull.v.4,handles,
1484,1536,release.v.2,handles,
1536,1582,pull.v.4,handles,
1582,1648,release.v.2,handles,
1656,1715,let go.v.1,handles,
