Alireza_American,close_fridge,102780-107040,103998-105623,104289-105623
Alireza_American,open_fridge,124800-126830,123664-125789,124206-125789
Alireza_American,close_fridge,129740-131900,128789-130497,129039-130497
Alireza_American,take_oil-container,172975-174125,173705-175747,174080-175747
Alireza_American,take_oil-container,172975-174125,172122-173538,172455-173538
Alireza_American,pour_oil,181195-185380,179247-184538,180455-184538
Alireza_American,close_oil-container,189800-191820,188788-191080,189580-191080
Alireza_American,close_oil-container,189800-191820,191080-192205,189580-191080
Alireza_American,close_oil-container,189800-191820,191080-192205,191788-192205
Alireza_American,open_fridge,405120-406980,404285-406118,404910-406118
Alireza_American,close_fridge,425275-426465,423909-425326,424076-425326
Alireza_American,take_bowl+cup+plate,48520-51910,47665-51457,48124-51457
Alireza_American,turn-off_burner,504790-507000,504033-506033,504825-506033
Alireza_American,take_bowl+cup+plate,514510-518880,513616-518116,513991-518116
Alireza_American,turn-on_burner,527780-529920,526991-528658,527699-528658
Alireza_American,open_fridge,53730-55980,52832-54999,53124-54999
Alireza_American,open_fridge,538125-539365,536783-538574,537324-538574
Alireza_American,close_fridge,549050-551740,547199-550741,547449-550741
Alireza_American,close_fridge,549050-551740,550699-553116,547449-550741
Alireza_American,close_fridge,549050-551740,550699-553116,551491-553116
Alireza_American,close_freezer,556340-557700,554699-556657,555157-556657
Alireza_American,take_knife,576330-577550,575365-576990,576074-576990
Alireza_American,open_freezer,632900-634790,631864-634073,632448-634073
Alireza_American,close_freezer,637500-639110,636489-637698,636698-637698
Alireza_American,turn-on_tap,643740-645740,642906-644448,643364-644448
Alireza_American,take_bowl+cup+plate,661200-663600,663072-664114,663364-664114
Alireza_American,take_bowl+cup+plate,661200-663600,660322-662531,660656-662531
Alireza_American,close_fridge,688737-691287,688738-689697,689155-689697
Alireza_American,crack_bowl+cup+egg+plate,73590-79180,72248-76957,72957-76957
Alireza_American,turn-off_burner,789805-790855,788862-789987,789154-789987
Alireza_American,take_bowl+cup+plate,82890-85030,84998-85998,85498-85998
Alireza_American,take_bowl+cup+plate,82890-85030,82040-84581,82373-84581
Alireza_American,crack_bowl+cup+egg+plate,88320-93700,87290-91290,87623-91290
Alireza_American,open_fridge,97970-99930,96790-98790,97415-98790
Alireza_American,open_fridge,97970-99930,99623-101665,100248-101665
Alireza_Pizza,put_knife,183131-184583,182455-184080,182747-184080
Alireza_Pizza,open_fridge,188245-190150,187455-189205,187955-189205
Alireza_Pizza,take_bowl+cup+plate,195375-197770,194663-196955,195038-196955
Alireza_Pizza,take_oil-container,206713-208085,205996-207121,206288-207121
Alireza_Pizza,open_oil-container,207947-209644,207205-208871,207371-208871
Alireza_Pizza,open_oil-container,207947-209644,209204-210871,209579-210871
Alireza_Pizza,pour_oil,210100-211571,210996-212621,211496-212621
Alireza_Pizza,put_oil-container,213491-214171,212704-213704,213163-213704
Alireza_Pizza,turn-on_tap,234620-235646,233787-234746,234204-234746
Alireza_Pizza,put_bowl+cup+plate,253970-254608,253245-254245,253579-254245
Alireza_Pizza,put_bowl+cup+plate,253970-254608,254370-255245,254620-255245
Alireza_Pizza,take_bowl+cup+plate,256281-257725,256787-281703,257454-281703
Alireza_Pizza,take_bowl+cup+plate,256281-257725,256787-281703,255829-256787
Alireza_Pizza,take_bowl+cup+plate,256281-257725,255537-256787,255829-256787
Alireza_Pizza,cut_mushroom,258037-282408,281703-283370,257454-281703
Alireza_Pizza,cut_mushroom,258037-282408,281703-283370,282120-283370
Alireza_Pizza,cut_mushroom,284322-298343,283453-297870,283787-297870
Alireza_Pizza,take_bowl+cup+plate,300371-302142,299661-301495,299870-301495
Alireza_Pizza,cut_mushroom,302313-312052,301286-311286,301828-311286
Alireza_Pizza,cut_mushroom,302313-312052,301286-311286,299870-301495
Alireza_Pizza,take_bowl+cup+plate,312624-313869,312161-313161,312911-313161
Alireza_Pizza,put_bowl+cup+plate,321282-322313,321078-322036,321453-322036
Alireza_Pizza,put_bowl+cup+knife+plate,322741-323894,321994-323453,322453-323453
Alireza_Pizza,put_bowl+cup+knife+plate,322741-323894,321994-323453,321453-322036
Alireza_Pizza,open_fridge,342951-344299,341827-343619,342369-343619
Alireza_Pizza,close_fridge,347173-348758,346661-348327,346786-348327
Alireza_Pizza,cut_pepper,356793-361163,355827-360494,356410-360494
Alireza_Pizza,cut_pepper,366664-370804,365119-370202,365827-370202
Alireza_Pizza,put_bowl+cup+plate,371114-371965,371910-380410,372535-380410
Alireza_Pizza,put_bowl+cup+plate,371114-371965,370244-371202,370869-371202
Alireza_Pizza,cut_pepper,383861-392872,382618-391785,383410-391785
Alireza_Pizza,cut_pepper,397170-402383,396160-401576,397118-401576
Alireza_Pizza,take_bowl+cup+plate,402443-403869,401743-402993,402118-402993
Alireza_Pizza,cut_pepper,404334-409167,403285-408368,403618-408368
Alireza_Pizza,take_bowl+cup+plate,440880-442380,441367-444826,441742-444826
Alireza_Pizza,take_bowl+cup+plate,440880-442380,440242-441242,440534-441242
Alireza_Pizza,cut_pepper,448277-454705,447492-453409,447742-453409
Alireza_Pizza,put_bowl+cup+knife+plate,456660-457576,455909-457201,456492-457201
Alireza_Pizza,read_recipe,463945-469398,462284-468367,462575-468367
Alireza_Pizza,open_fridge,471197-472510,470242-471825,470700-471825
Alireza_Pizza,close_fridge,487906-489996,486867-489367,487117-489367
Alireza_Pizza,turn-off_burner,518929-519751,518283-519158,518575-519158
Alireza_Pizza,open_fridge,550753-552613,549949-552074,550532-552074
Alireza_Pizza,close_fridge,557926-558710,557199-558574,557366-558574
Alireza_Pizza,take_knife,59168-60452,58040-59582,58374-59582
Alireza_Pizza,open_fridge,630392-631646,629698-631281,630031-631281
Alireza_Pizza,close_fridge,632999-633567,632031-633531,632156-633531
Alireza_Pizza,put_knife,64498-65158,63748-64665,64040-64665
Alireza_Pizza,take_bowl+cup+plate,656144-660480,655364-660322,656031-660322
Alireza_Pizza,take_bowl+cup+plate,72116-73941,73540-75790,74082-75790
Alireza_Pizza,take_bowl+cup+plate,72116-73941,71165-73248,71457-73248
Alireza_Pizza,open_fridge,78591-79810,77540-79040,77873-79040
Alireza_Snack,put_bowl+cup+plate,100680-102200,99748-101790,98540-100123
Alireza_Snack,put_bowl+cup+plate,100680-102200,99748-101790,100415-101790
Alireza_Snack,turn-on_tap,139550-140810,138789-140247,139414-140247
Alireza_Snack,open_microwave,155230-156850,154747-156372,155247-156372
Alireza_Snack,open_microwave,155230-156850,156414-158080,156664-158080
Alireza_Snack,put_bowl+cup+plate,162490-163680,162122-163455,162622-163455
Alireza_Snack,open_fridge,211305-213205,210746-212954,211288-212954
Alireza_Snack,close_fridge,216960-218490,216413-218121,216621-218121
Alireza_Snack,open_bread-container,220520-223570,220121-223079,220454-223079
Alireza_Snack,take_bread,223575-226835,223496-226829,224788-226829
Alireza_Snack,put_bowl+cup+plate,252540-253150,251829-252704,252120-252704
Alireza_Snack,take_bread,253180-255440,252954-255120,253370-255120
Alireza_Snack,put_bowl+bread+cup+plate,255460-256750,256662-260995,256954-260995
Alireza_Snack,put_bowl+bread+cup+plate,255460-256750,256662-260995,255412-256787
Alireza_Snack,put_bowl+bread+cup+plate,255460-256750,255245-256787,255412-256787
Alireza_Snack,put_bowl+cup+plate,261390-262930,261079-261995,261412-261995
Alireza_Snack,read_recipe,279460-284870,279037-283995,279745-283995
Alireza_Snack,take_bowl+cup+plate,287560-288850,288662-289495,288870-289495
Alireza_Snack,take_bowl+cup+plate,287560-288850,288662-289495,287578-288662
Alireza_Snack,take_bowl+cup+plate,287560-288850,286870-288662,287578-288662
Alireza_Snack,put_bowl+cup+plate,288885-289875,289328-290162,288870-289495
Alireza_Snack,put_bowl+cup+plate,288885-289875,289328-290162,289703-290162
Alireza_Snack,open_fridge,334165-336025,333786-335869,334119-335869
Alireza_Snack,open_fridge,334165-336025,333786-335869,335786-339661
Alireza_Snack,take_milk-container,336045-339425,335411-339661,334119-335869
Alireza_Snack,take_milk-container,336045-339425,335411-339661,335786-339661
Alireza_Snack,close_fridge,340815-342455,340244-341827,340452-341827
Alireza_Snack,take_bowl+cup+plate,346280-347070,345702-346702,345994-346702
Alireza_Snack,put_bowl+cup+plate,351950-353300,351577-352827,352119-352827
Alireza_Snack,close_fridge,359730-361570,359410-361035,359619-361035
Alireza_Snack,open_fridge,361590-363720,361160-363327,361619-363327
Alireza_Snack,take_honey-container,370065-370855,369619-370577,369952-370577
Alireza_Snack,open_honey-container,371210-372180,370660-372952,370952-372952
Alireza_Snack,put_honey-container,379155-380385,378868-380035,379243-380035
Alireza_Snack,take_bowl+cup+plate,387130-388260,386577-387910,386993-387910
Alireza_Snack,take_bowl+cup+plate,42320-43200,42749-44124,43040-44124
Alireza_Snack,take_bowl+cup+plate,42320-43200,42749-44124,42207-42749
Alireza_Snack,take_bowl+cup+plate,42320-43200,41915-42749,42207-42749
Alireza_Snack,take_bowl+cup+plate,438270-439340,436368-439326,438201-439326
Alireza_Snack,put_bowl+cup+plate,444702-447442,444826-447034,445451-447034
Alireza_Snack,take_knife,48505-51235,50207-50832,50499-50832
Alireza_Snack,take_honey-container,62805-63765,62374-63207,62707-63207
Alireza_Snack,put_honey-container,72435-73955,72373-73540,72790-73540
Alireza_Snack,take_bowl+cup+plate,92560-94930,92165-94623,92540-94623
Alireza_Snack,put_bowl+cup+plate,94927-95657,94831-95706,94998-95706
Alireza_Snack,put_bowl+cup+plate,94927-95657,94581-95206,94998-95706
Alireza_Snack,put_bowl+cup+plate,94927-95657,94831-95706,94831-95206
Alireza_Snack,put_bowl+cup+plate,94927-95657,94581-95206,94831-95206
Alireza_Snack,put_bowl+cup+plate,94927-95657,94581-95206,92540-94623
Alireza_Snack,take_bowl+cup+plate,96462-97132,96081-96748,96331-96748
Alireza_Snack,open_microwave,98450-100590,97956-100123,98540-100123
Alireza_Turkey,open_fridge,110790-112800,110706-112956,111164-112956
Alireza_Turkey,open_fridge,114395-116175,114081-115998,114414-115998
Alireza_Turkey,close_fridge,120640-124650,120206-124331,120414-124331
Alireza_Turkey,put_bowl+cup+plate,134195-135305,134247-134789,134622-134789
Alireza_Turkey,take_bread,137120-139890,136289-139664,137289-139664
Alireza_Turkey,put_bowl+bread+cup+plate,139975-140785,139789-140539,140039-140539
Alireza_Turkey,open_fridge,166400-168580,166330-168163,166788-168163
Alireza_Turkey,close_fridge,178950-180020,178747-179747,178913-179747
Alireza_Turkey,cut_tomato,205470-218610,205371-218288,206246-218288
Alireza_Turkey,cut_tomato,205470-218610,218371-219163,218663-219163
Alireza_Turkey,put_bowl+cup+knife+plate,220200-220740,219788-220579,220121-220579
Alireza_Turkey,put_bowl+cup+plate+tomato,223970-225330,224246-225121,224371-225121
Alireza_Turkey,put_bowl+cup+plate+tomato,223970-225330,224246-225121,223079-224246
Alireza_Turkey,put_bowl+cup+plate+tomato,223970-225330,222871-224246,223079-224246
Alireza_Turkey,close_fridge,239330-240560,238787-240912,239371-240912
Alireza_Turkey,put_bowl+cup+plate,255845-256605,255829-256412,256162-256412
Alireza_Turkey,put_lettuce+bowl+cup+plate,275650-276990,275120-276703,275703-276703
Alireza_Turkey,take_bowl+cup+knife+plate,279480-280390,279078-280203,279370-280203
Alireza_Turkey,take_lettuce,288580-289430,289245-289995,289537-289995
Alireza_Turkey,take_lettuce,288580-289430,289245-289995,288870-289412
Alireza_Turkey,take_lettuce,288580-289430,288537-289412,288870-289412
Alireza_Turkey,put_bowl+cup+knife+plate,296650-297630,296703-297536,297078-297536
Alireza_Turkey,open_fridge,322790-324610,322786-324536,323119-324536
Alireza_Turkey,take_bread,337570-338430,337202-338619,337536-338619
Alireza_Turkey,compress_sandwich,339810-342610,339536-342369,339827-342369
Carlos_American,take_oil-container,152312-155717,154330-155539,154664-155539
Carlos_American,open_oil-container,155799-157808,155497-157455,155872-157455
Carlos_American,open_oil-container,155799-157808,155497-157455,154664-155539
Carlos_American,pour_oil,161474-164234,161622-163914,162622-163914
Carlos_American,read_recipe,179717-185995,179455-185205,180080-185205
Carlos_American,put_bowl+cup+plate,213652-214531,213413-214246,213871-214246
Carlos_American,take_spatula,215276-216656,215038-217121,215454-217121
Carlos_American,take_bowl+cup+plate,318394-320542,320453-321994,320869-321994
Carlos_American,take_bowl+cup+plate,318394-320542,320453-321994,318703-320661
Carlos_American,take_bowl+cup+plate,318394-320542,318078-320661,318703-320661
Carlos_American,read_recipe,342288-346105,342244-345702,343036-345702
Carlos_American,open_fridge,347811-349582,347661-349327,348119-349327
Carlos_American,put_bowl+cup+plate,362583-364197,362327-363869,362744-363869
Carlos_American,open_fridge,367924-369114,367785-369244,368202-369244
Carlos_American,open_freezer,378527-380436,378327-379910,378868-379910
Carlos_American,put_bowl+cup+plate,422345-422815,422118-422784,422451-422784
Carlos_American,put_bowl+cup+plate,428504-429632,428076-429493,428618-429493
Carlos_American,put_bowl+cup+plate,437886-438736,437742-438451,437992-438451
Carlos_American,turn-on_burner,60524-64010,61582-63498,61874-63498
Carlos_American,turn-off_burner,639626-641277,639614-640948,640156-640948
Carlos_American,read_recipe,667130-671318,667405-670989,668489-670989
Carlos_American,put_bowl+cup+plate,67024-67884,66915-67873,67165-67873
Carlos_American,open_fridge,672552-674188,672447-673822,672780-673822
Carlos_American,open_fridge,68909-70623,68707-70623,69165-70623
Carlos_American,put_bowl+cup+plate,704628-707296,705613-706988,705905-706988
Carlos_American,put_bowl+cup+plate,704628-707296,707113-708072,707530-708072
Carlos_American,put_bowl+cup+plate,754665-757650,754154-757404,754487-757404
Carlos_American,take_bowl+cup+plate,757818-758787,757404-758612,754487-757404
Carlos_American,take_bowl+cup+plate,757818-758787,757404-758612,757696-758612
Carlos_American,put_bowl+cup+plate,762307-763681,761696-764196,762154-764196
Carlos_American,put_bowl+cup+plate,769195-770124,768904-769862,769404-769862
Carlos_American,take_milk-container,77072-78693,76790-78165,77290-78165
Carlos_American,open_fridge,784265-785238,784029-785570,784445-785570
Carlos_American,close_fridge,790633-792532,790945-792487,791320-792487
Carlos_American,close_fridge,790633-792532,792528-793570,792903-793570
Carlos_American,close_freezer,794784-795521,794320-795320,794445-795320
Carlos_American,open_freezer,799081-800329,798945-800570,799445-800570
Carlos_American,take_bowl+cup+plate,804867-805930,805653-806903,806153-806903
Carlos_American,take_bowl+cup+plate,804867-805930,805653-806903,804820-805820
Carlos_American,take_bowl+cup+plate,804867-805930,804362-805820,804820-805820
Carlos_American,put_bowl+cup+plate,807764-808618,807695-808445,807862-808445
Carlos_American,read_recipe,811145-815435,810903-814945,811445-814945
Carlos_American,crack_bowl+cup+egg+plate,88713-92081,88581-91373,88998-91373
Carlos_Burger,take_spatula,103675-105165,103290-105289,103540-105289
Carlos_Burger,put_spatula,106295-107745,105789-107164,106414-107164
Carlos_Burger,open_freezer,110300-112920,110206-112706,111498-112706
Carlos_Burger,close_freezer,115910-117490,115373-116831,115539-116831
Carlos_Burger,take_oil-container,121195-122665,120873-122498,121206-122498
Carlos_Burger,open_oil-container,122825-125525,122289-125164,122789-125164
Carlos_Burger,open_oil-container,122825-125525,122289-125164,121206-122498
Carlos_Burger,pour_oil,127405-129805,127039-129414,127497-129414
Carlos_Burger,pour_oil,131070-132200,130372-131914,130789-131914
Carlos_Burger,put_oil-container,132840-134040,132247-133497,132872-133497
Carlos_Burger,turn-on_burner,138465-141135,137914-140622,138456-140622
Carlos_Burger,take_oil-container,146785-147285,147080-148247,147330-148247
Carlos_Burger,take_oil-container,146785-147285,146247-146955,146455-146955
Carlos_Burger,take_spatula,236780-238170,236329-237996,236746-237996
Carlos_Burger,put_spatula,239130-245140,238454-241204,238996-241204
Carlos_Burger,open_fridge,51140-53380,50540-53207,50874-53207
Carlos_Burger,take_bowl+cup+plate,537340-538860,537783-540033,537908-540033
Carlos_Burger,put_bowl+cup+plate,541340-543540,540866-543032,541324-543032
Carlos_Burger,turn-off_burner,571075-572875,570740-571865,571199-571865
Carlos_Burger,pour_oil,575350-578080,574574-577157,575157-577157
Carlos_Burger,put_lettuce-container,592685-594165,592157-593782,593157-593782
Carlos_Burger,close_fridge,598800-601320,598490-600948,598615-600948
Carlos_Burger,put_bowl+cup+plate,604910-606360,604490-605865,604948-605865
Carlos_Burger,take_bowl+cup+plate,614155-614415,614073-615615,614406-615615
Carlos_Burger,take_bowl+cup+plate,614155-614415,614073-615615,613240-614156
Carlos_Burger,take_bowl+cup+plate,614155-614415,612573-614156,613240-614156
Carlos_Burger,close_fridge,62015-63805,62124-63165,62374-63165
Carlos_Burger,take_lettuce,623850-632440,617240-631531,618156-631531
Carlos_Burger,take_knife,646940-648020,646239-647822,646906-647822
Carlos_Burger,put_knife,659190-659980,659031-659614,659281-659614
Carlos_Burger,take_knife,69035-69680,68915-70415,69498-70415
Carlos_Burger,take_knife,69035-69680,68623-69873,69498-70415
Carlos_Burger,take_knife,69035-69680,68915-70415,69165-69873
Carlos_Burger,take_knife,69035-69680,68623-69873,69165-69873
Carlos_Burger,take_bowl+cup+plate,69910-70610,70498-71373,70790-71373
Carlos_Burger,put_bowl+cup+plate,70945-71655,71415-72040,71707-72040
Carlos_Burger,close_fridge,746945-748905,745946-747863,746488-747863
Carlos_Burger,take_bowl+cup+plate,75640-75920,73873-75957,74290-75957
Carlos_Burger,compress_sandwich,782365-783795,782029-782820,782237-782820
Carlos_Burger,close_freezer,96340-97940,96040-97540,96248-97540
Carlos_Greek,open_fridge,119330-122930,119289-122748,119623-122748
Carlos_Greek,put_lettuce-container,133560-134880,133414-134622,133956-134622
Carlos_Greek,close_fridge,135680-138800,135747-137831,136164-137831
Carlos_Greek,take_bowl+cup+plate,144440-145080,144081-145039,144581-145039
Carlos_Greek,put_bowl+cup+plate,145240-146340,144956-146205,145289-146205
Carlos_Greek,put_bowl+cup+plate,145240-146340,144956-146205,144581-145039
Carlos_Greek,put_bowl+cup+plate,145240-146340,146247-146914,146497-146914
Carlos_Greek,put_bowl+cup+plate,148120-149160,147955-148747,148164-148747
Carlos_Greek,put_bowl+cup+plate,148120-149160,149080-150372,149372-150372
Carlos_Greek,put_bowl+cup+plate,151280-152150,151330-151872,151414-151872
Carlos_Greek,put_bowl+cup+plate,151280-152150,150414-151414,151414-151872
Carlos_Greek,put_bowl+cup+plate,151280-152150,151997-152122,152080-152122
Carlos_Greek,put_bowl+cup+plate,151280-152150,151330-151872,150830-151414
Carlos_Greek,put_bowl+cup+plate,151280-152150,150414-151414,150830-151414
Carlos_Greek,take_knife,161850-162510,161580-162622,161914-162622
Carlos_Greek,put_knife,176400-176860,175747-176830,176330-176830
Carlos_Greek,take_knife,181600-182230,181330-182247,181705-182247
Carlos_Greek,take_knife,200230-200820,200080-200830,200330-200830
Carlos_Greek,put_knife,203450-204060,203371-203788,203455-203788
Carlos_Greek,put_knife,203450-204060,203871-207371,204205-207371
Carlos_Greek,take_lettuce,208590-210760,208246-210829,208704-210829
Carlos_Greek,take_lettuce,262660-263050,262620-263120,262829-263120
Carlos_Greek,read_recipe,27430-35870,27374-35666,28124-35666
Carlos_Greek,put_lettuce-container,282020-284250,281953-284162,282995-284162
Carlos_Greek,put_knife,335710-336810,335661-336786,336036-336786
Carlos_Greek,open_fridge,349510-352700,349494-352827,350077-352827
Carlos_Greek,open_fridge-drawer,353520-355100,353494-355035,354119-355035
Carlos_Greek,close_fridge-drawer,355160-356040,355160-355827,355244-355827
Carlos_Greek,open_fridge-drawer,356490-358310,356452-358619,356952-358619
Carlos_Greek,close_fridge-drawer,362320-363520,362244-363369,362327-363369
Carlos_Greek,open_fridge,373720-375970,373535-375868,374035-375868
Carlos_Greek,close_fridge,378720-380220,378618-379618,378743-379618
Carlos_Greek,take_knife,381420-382060,381327-382035,381618-382035
Carlos_Greek,put_knife,401220-402800,400910-402243,401493-402243
Carlos_Greek,take_knife,411190-411830,411118-411910,411451-411910
Carlos_Greek,put_knife,419180-419990,419034-419909,419326-419909
Carlos_Greek,take_knife,466900-467520,466659-467700,467117-467700
Carlos_Greek,put_knife,537850-539290,537658-539199,538324-539199
Carlos_Greek,take_bowl+cup+plate,554940-555290,553949-555616,554407-555616
Carlos_Greek,put_bowl+cup+plate,568940-570780,568907-570699,569365-570699
Carlos_Greek,take_lettuce,570900-571810,570699-571824,569365-570699
Carlos_Greek,take_lettuce,570900-571810,570699-571824,571074-571824
Carlos_Greek,take_knife,577400-578000,577199-578115,577449-578115
Carlos_Greek,take_knife,604620-605090,605031-605740,605156-605740
Carlos_Greek,take_knife,604620-605090,605031-605740,604740-605115
Carlos_Greek,take_knife,604620-605090,604406-605115,604740-605115
Carlos_Greek,put_knife,620630-621420,620448-621698,620740-621698
Carlos_Greek,open_fridge,636060-638010,635823-637948,636239-637948
Carlos_Greek,open_fridge-drawer,638190-639860,638573-639823,639156-639823
Carlos_Greek,close_fridge-drawer,643780-644810,643614-644573,643823-644573
Carlos_Greek,close_fridge,655100-656820,655364-656697,655489-656697
Carlos_Greek,open_freezer,657090-659710,656781-659197,657322-659197
Carlos_Greek,close_freezer,661200-662490,661447-662447,661572-662447
Carlos_Greek,take_knife,748330-748810,748071-748696,748363-748696
Carlos_Greek,put_knife,773690-774970,773529-774820,773987-774820
Carlos_Pasta,open_fridge,116870-120350,116706-120206,117039-120206
Carlos_Pasta,close_fridge,155200-157750,155205-156872,155289-156872
Carlos_Pasta,read_recipe,169090-171350,168747-171122,169247-171122
Carlos_Pasta,take_knife,171860-172580,171788-172622,172288-172622
Carlos_Pasta,cut_tomato,214710-217630,214496-217746,215496-217746
Carlos_Pasta,put_knife,226380-227060,226079-226788,226413-226788
Carlos_Pasta,take_knife,253600-254040,253204-254162,253579-254162
Carlos_Pasta,read_recipe,255350-258390,255079-258120,255620-258120
Carlos_Pasta,take_bowl+cup+plate,304640-305260,304328-305411,304786-305411
Carlos_Pasta,put_bowl+cup+plate,306030-306660,305536-306745,305911-306745
Carlos_Pasta,take_knife,307080-307360,306828-307578,307078-307578
Carlos_Pasta,put_bowl+cup+plate,317140-319160,317203-318994,317953-318994
Carlos_Pasta,put_bowl+cup+plate,317140-319160,319119-319994,319578-319994
Carlos_Pasta,put_bowl+cup+plate,320720-321390,320286-321119,320744-321119
Carlos_Pasta,put_bowl+cup+plate,320720-321390,320286-321119,321078-321494
Carlos_Pasta,read_recipe,321150-321730,320869-321494,320744-321119
Carlos_Pasta,read_recipe,321150-321730,320869-321494,321078-321494
Carlos_Pasta,read_recipe,326270-329070,326119-326786,326494-326786
Carlos_Pasta,turn-on_tap,38660-39960,37291-39374,38791-39374
Carlos_Pasta,read_recipe,413530-420520,413243-420243,413785-420243
Carlos_Pasta,turn-off_tap,48840-49530,48332-49374,48707-49374
Carlos_Pasta,turn-on_burner,55440-57400,55290-57040,55874-57040
Carlos_Pasta,read_recipe,574490-576800,574157-576407,574657-576407
Carlos_Pasta,take_bowl+cup+plate,577380-577980,576990-578199,577365-578199
Carlos_Pasta,take_bowl+cup+plate,577380-577980,577032-578032,577365-578199
Carlos_Pasta,take_bowl+cup+plate,577380-577980,576990-578199,577240-578032
Carlos_Pasta,take_bowl+cup+plate,577380-577980,577032-578032,577240-578032
Carlos_Pasta,put_bowl+cup+plate,584950-585650,584657-586490,585115-586490
Carlos_Pasta,put_bowl+cup+plate,584950-585650,585448-586615,585115-586490
Carlos_Pasta,put_bowl+cup+plate,584950-585650,584657-586490,585948-586615
Carlos_Pasta,put_bowl+cup+plate,584950-585650,585448-586615,585948-586615
Carlos_Pasta,put_bowl+cup+plate,588480-589810,588448-589573,588948-589573
Carlos_Pasta,put_bowl+cup+plate,588480-589810,588448-589573,587907-588657
Carlos_Pasta,put_bowl+cup+plate,588480-589810,587657-588657,587907-588657
Carlos_Pasta,take_knife,607920-608900,607906-608823,608156-608823
Carlos_Pasta,take_bowl+cup+plate,653010-653750,652614-653864,652781-653864
Carlos_Pasta,put_bowl+cup+plate,658960-659630,658864-659614,659239-659614
Carlos_Pasta,put_knife,660020-660260,659739-660114,660072-660114
Carlos_Pasta,take_knife,696880-697450,697447-701322,699572-701322
Carlos_Pasta,take_knife,696880-697450,697447-701322,697072-697530
Carlos_Pasta,take_knife,696880-697450,696613-697530,697072-697530
Carlos_Pasta,cut_pepper,703810-713290,703655-704072,703738-704072
Carlos_Pasta,put_knife,715040-715770,714530-715238,714946-715238
Carlos_Pasta,take_knife,717410-718100,716863-718155,717571-718155
Carlos_Pasta,cut_pepper,718570-728660,718113-728530,718571-728530
Carlos_Pasta,cut_pepper,718570-728660,718113-728530,717571-718155
Carlos_Pasta,put_knife,729830-730630,729654-729988,729904-729988
Carlos_Pasta,put_bowl+cup+plate,772310-774690,771612-774320,772154-774320
Carlos_Pasta,put_knife,774720-775500,774570-775487,774862-775487
Carlos_Pasta,take_bowl+cup+plate,776400-776900,776112-777070,776404-777070
Carlos_Pasta,read_recipe,785010-786100,784904-785695,785279-785695
Carlos_Pasta,turn-off_burner,815380-817080,815361-816320,815695-816320
Carlos_Pasta,put_bowl+cup+plate,824840-826270,824528-826028,824861-826028
Carlos_Pasta,open_oil-container,868480-870620,868069-870569,868444-870569
Carlos_Pasta,pour_oil,872040-876740,871611-876569,872111-876569
Carlos_Pasta,pour_oil,872040-876740,876694-877819,877069-877819
Carlos_Pasta,open_fridge,896020-897600,895694-897485,896193-897485
Carlos_Pasta,close_fridge,904310-905770,904277-905402,904610-905402
Carlos_Pasta,put_bowl+cup+plate,92240-92820,92040-92706,92373-92706
Carlos_Pasta,put_knife,93380-94580,93206-94498,93665-94498
Carlos_Pasta,put_knife,933870-934410,933526-934360,933818-934360
Carlos_Pasta,close_oil-container,948900-951850,948609-951651,949651-951651
Carlos_Pasta,put_bowl+cup+plate,96100-97350,96040-96998,96331-96998
Carlos_Pasta,put_bowl+cup+plate,96100-97350,96040-96998,94831-96165
Carlos_Pasta,put_bowl+cup+plate,96100-97350,94540-96165,94831-96165
Carlos_Pasta,put_bowl+cup+plate,96100-97350,97331-98498,97748-98498
Carlos_Pasta,put_bowl+cup+plate,98910-100370,98790-99998,99290-99998
Carlos_Pizza,open_fridge,102453-104235,101623-103706,102165-103706
Carlos_Pizza,close_fridge,109585-111518,108956-110581,109164-110581
Carlos_Pizza,open_freezer,111566-113399,110539-112706,109164-110581
Carlos_Pizza,open_freezer,111566-113399,110539-112706,111206-112706
Carlos_Pizza,put_bowl+cup+plate,124489-125134,124039-124581,124206-124581
Carlos_Pizza,put_bowl+cup+knife+plate,157125-158110,156747-157580,156955-157580
Carlos_Pizza,read_recipe,163731-168097,163580-167080,164122-167080
Carlos_Pizza,open_fridge,168916-172569,168413-171122,168830-171122
Carlos_Pizza,close_fridge,173663-174565,173122-173955,173247-173955
Carlos_Pizza,cut_pepper,175941-256319,176288-253954,176997-253954
Carlos_Pizza,open_fridge,258873-260951,258412-260579,259245-260579
Carlos_Pizza,open_freezer,274109-275864,273578-275537,274203-275537
Carlos_Pizza,close_freezer,277856-278717,277120-278162,277245-278162
Carlos_Pizza,open_fridge,281140-282416,280537-281703,280828-281703
Carlos_Pizza,take_oil-container,294716-295722,294161-295245,294453-295245
Carlos_Pizza,turn-on_burner,298959-302037,299745-301203,299995-301203
Carlos_Pizza,take_bowl+cup+plate,29955-30875,30249-31332,30707-31332
Carlos_Pizza,take_bowl+cup+plate,29955-30875,30249-31332,29832-30582
Carlos_Pizza,take_bowl+cup+plate,29955-30875,29416-30582,29832-30582
Carlos_Pizza,put_oil-container,304107-304921,303328-304161,303786-304161
Carlos_Pizza,take_oil-container,307829-308509,307245-307870,307495-307870
Carlos_Pizza,pour_oil,308555-309851,307995-309411,308370-309411
Carlos_Pizza,put_oil-container,310371-311377,311036-312203,311495-312203
Carlos_Pizza,put_oil-container,310371-311377,309620-310453,310036-310453
Carlos_Pizza,put_oil-container,313761-314620,313453-313911,313744-313911
Carlos_Pizza,open_fridge,33912-36004,34332-35957,34624-35957
Carlos_Pizza,cut_mushroom,343360-351220,342494-343827,343244-343827
Carlos_Pizza,take_bowl+cup+plate,351295-352348,350744-351494,350994-351494
Carlos_Pizza,put_bowl+cup+plate,359941-361147,359160-360327,359494-360327
Carlos_Pizza,put_bowl+cup+knife+plate,377329-378151,376660-377493,377035-377493
Carlos_Pizza,take_oil-container,384137-385031,383202-384160,383618-384160
Carlos_Pizza,open_oil-container,385279-387396,385035-386743,385285-386743
Carlos_Pizza,open_oil-container,385279-387396,386743-388743,385285-386743
Carlos_Pizza,open_oil-container,385279-387396,386743-388743,386952-388743
Carlos_Pizza,close_oil-container,389452-391686,388868-391118,389160-391118
Carlos_Pizza,close_oil-container,389452-391686,391493-392368,391868-392368
Carlos_Pizza,close_fridge,40501-42554,39957-41999,40332-41999
Carlos_Pizza,turn-off_burner,507902-510707,506991-509950,507616-509950
Carlos_Pizza,put_spatula,522269-523211,521491-522324,521824-522324
Carlos_Pizza,take_bowl+cup+knife+plate,540491-541335,539699-540991,539991-540991
Carlos_Pizza,take_bowl+cup+plate,541858-543257,541283-542657,541533-542657
Carlos_Pizza,cut_pepper,588541-592208,588323-590573,589198-590573
Carlos_Pizza,take_knife,71387-72130,70832-71582,71123-71582
Carlos_Pizza,put_knife,74416-75327,73790-74665,74165-74665
Carlos_Pizza,put_bowl+cup+plate,93756-96133,93248-94456,93706-94456
Carlos_Pizza,take_bowl+cup+knife+plate,96659-97536,95873-96706,96081-96706
Carlos_Snack,open_fridge,110180-111760,109414-111039,109873-111039
Carlos_Snack,take_knife,123582-125055,122956-123873,123289-123873
Carlos_Snack,put_knife,126343-127623,125581-126622,125956-126622
Carlos_Snack,open_microwave,129602-131298,128331-130706,129372-130706
Carlos_Snack,take_bowl+cup+plate,131585-133815,130706-132372,129372-130706
Carlos_Snack,take_bowl+cup+plate,131585-133815,130706-132372,131164-132372
Carlos_Snack,put_bowl+cup+plate,135170-135896,134456-135206,134581-135206
Carlos_Snack,turn-on_tap,144312-145732,143664-144914,144247-144914
Carlos_Snack,take_bowl+cup+plate,170649-173294,169955-171080,170122-171080
Carlos_Snack,take_honey-container,199970-200820,199205-200371,199413-200371
Carlos_Snack,put_honey-container,200890-201983,200330-201080,200538-201080
Carlos_Snack,put_honey-container,200890-201983,200330-201080,199413-200371
Carlos_Snack,close_fridge,206825-207974,205913-207371,206080-207371
Carlos_Snack,close_fridge,206825-207974,207496-208704,207621-208704
Carlos_Snack,open_fridge,208064-209337,209121-211538,209329-211538
Carlos_Snack,close_fridge,212378-213136,211621-212621,211746-212621
Carlos_Snack,open_bread-container,216061-221922,215163-220329,216288-220329
Carlos_Snack,open_bread-container,216061-221922,221538-222038,221746-222038
Carlos_Snack,open_bread-container,216061-221922,221538-222038,221204-221579
Carlos_Snack,open_bread-container,216061-221922,220954-221579,221204-221579
Carlos_Snack,take_bread,224277-225826,225496-226746,225704-226746
Carlos_Snack,take_bread,224277-225826,223746-225246,224163-225246
Carlos_Snack,put_bowl+cup+plate,228112-229242,227371-228496,227746-228496
Carlos_Snack,take_bowl+cup+plate,229302-230013,228496-229621,229454-230246
Carlos_Snack,take_bowl+cup+plate,229302-230013,228496-229621,227746-228496
Carlos_Snack,take_bowl+cup+plate,229302-230013,228496-229621,228704-229621
Carlos_Snack,put_bowl+bread+cup+plate,229930-230920,229038-230246,229454-230246
Carlos_Snack,put_bowl+bread+cup+plate,229930-230920,229038-230246,228704-229621
Carlos_Snack,take_bowl+cup+plate,236739-237429,235954-237204,236287-237204
Carlos_Snack,put_bowl+cup+plate,258630-259668,258704-259787,258912-259787
Carlos_Snack,put_bowl+cup+plate,260449-261518,259579-260787,259912-260787
Carlos_Snack,put_bowl+cup+plate,260449-261518,259579-260787,258912-259787
Carlos_Snack,put_bowl+cup+plate,263468-265668,262162-264870,262870-264870
Carlos_Snack,read_recipe,269178-274113,268829-273037,269329-273037
Carlos_Snack,turn-on_tap,278578-279872,277412-279203,278370-279203
Carlos_Snack,take_bowl+cup+plate,28234-28704,27541-28332,27832-28332
Carlos_Snack,take_bowl+cup+plate,29734-30304,28999-29957,29874-30666
Carlos_Snack,take_bowl+cup+plate,29734-30304,28999-29957,29416-29957
Carlos_Snack,take_bowl+cup+plate,302647-303501,301620-302953,302161-302953
Carlos_Snack,put_bowl+cup+plate,30314-31797,29707-30666,29874-30666
Carlos_Snack,put_bowl+cup+plate,30314-31797,31707-32166,31832-32166
Carlos_Snack,put_bowl+cup+plate,30314-31797,31166-32124,31832-32166
Carlos_Snack,put_bowl+cup+plate,30314-31797,29707-30666,29416-29957
Carlos_Snack,put_bowl+cup+plate,30314-31797,31707-32166,31457-32124
Carlos_Snack,put_bowl+cup+plate,30314-31797,31166-32124,31457-32124
Carlos_Snack,put_bowl+cup+plate,303519-304060,302661-303786,303036-303786
Carlos_Snack,put_bowl+cup+plate,303519-304060,302661-303786,302161-302953
Carlos_Snack,open_fridge,343131-344389,342494-343869,342827-343869
Carlos_Snack,close_fridge,345920-346829,345244-346286,345369-346286
Carlos_Snack,put_honey-container,361952-362709,361119-362035,361452-362035
Carlos_Snack,put_bowl+cup+plate,365965-366971,364952-366119,365410-366119
Carlos_Snack,take_honey-container,36955-38204,36166-37332,36582-37332
Carlos_Snack,take_bowl+cup+plate,377797-378929,376535-378118,376993-378118
Carlos_Snack,take_bowl+cup+plate,377797-378929,376952-378618,376993-378118
Carlos_Snack,take_bowl+cup+plate,377797-378929,376535-378118,377327-378618
Carlos_Snack,take_bowl+cup+plate,377797-378929,376952-378618,377327-378618
Carlos_Snack,open_honey-container,38214-39589,37374-38874,38207-38874
Carlos_Snack,open_honey-container,38214-39589,38832-39666,38207-38874
Carlos_Snack,open_honey-container,38214-39589,38832-39666,39082-39666
Carlos_Snack,turn-off_burner,398400-401250,397743-400410,397951-400410
Carlos_Snack,put_bowl+cup+plate,404715-406326,404201-405576,404535-405576
Carlos_Snack,put_bowl+cup+plate,404715-406326,402785-404951,404535-405576
Carlos_Snack,put_bowl+cup+plate,404715-406326,404201-405576,403076-404951
Carlos_Snack,put_bowl+cup+plate,404715-406326,402785-404951,403076-404951
Carlos_Snack,put_bowl+cup+plate,73130-74370,72457-73540,72998-73540
Carlos_Snack,put_bowl+cup+plate,73130-74370,73582-74207,73915-74207
Carlos_Snack,put_honey-container,84136-84759,83207-84206,83706-84206
Carlos_Snack,open_microwave,86266-87762,85206-86831,85915-86831
Carlos_Snack,open_microwave,86266-87762,86831-88540,85915-86831
Carlos_Snack,open_microwave,86266-87762,86831-88540,87248-88540
Carlos_Turkey,put_bowl+cup+plate+tomato,110720-111830,111289-112081,111539-112081
Carlos_Turkey,cut_tomato,114070-121620,113123-120998,114914-120998
Carlos_Turkey,take_bowl+cup+plate+tomato,121770-122110,120831-121914,114914-120998
Carlos_Turkey,take_bowl+cup+plate+tomato,121770-122110,122081-123414,122581-123414
Carlos_Turkey,take_bowl+cup+plate+tomato,121770-122110,120831-121914,121206-121914
Carlos_Turkey,put_knife,125130-126500,124289-125789,125247-125789
Carlos_Turkey,put_knife,143220-144860,142706-144247,143331-144247
Carlos_Turkey,open_fridge,155190-156980,154622-156497,155039-156497
Carlos_Turkey,put_lettuce-container,158200-160790,157747-160122,158914-160122
Carlos_Turkey,open_fridge,161070-162060,160414-161914,160830-161914
Carlos_Turkey,close_fridge,167630-169800,167288-169038,167455-169038
Carlos_Turkey,open_freezer,170320-172380,172038-173038,172122-173038
Carlos_Turkey,open_freezer,170320-172380,169705-171913,170830-171913
Carlos_Turkey,close_freezer,172380-173860,173205-174788,173580-174788
Carlos_Turkey,close_freezer,179150-180830,178705-180288,178872-180288
Carlos_Turkey,open_bread-container,183780-190930,183163-188913,184080-188913
Carlos_Turkey,take_bread,191020-193610,192871-195663,193330-195663
Carlos_Turkey,take_bread,191020-193610,190496-192621,191163-192621
Carlos_Turkey,take_bread,208740-209380,207871-209079,208413-209079
Carlos_Turkey,open_fridge,210120-211910,209454-211121,210079-211121
Carlos_Turkey,close_fridge,215270-217100,214704-216329,214871-216329
Carlos_Turkey,open_fridge,217690-219590,217454-218996,217621-218996
Carlos_Turkey,open_fridge,221630-222800,221121-222496,221329-222496
Carlos_Turkey,open_fridge,221630-222800,221163-222454,221329-222496
Carlos_Turkey,open_fridge,221630-222800,221121-222496,221371-222454
Carlos_Turkey,open_fridge,221630-222800,221163-222454,221371-222454
Carlos_Turkey,close_fridge,224760-226080,224079-225329,224204-225329
Carlos_Turkey,open_fridge,232640-234320,232037-233746,232412-233746
Carlos_Turkey,close_fridge,239940-241190,239246-240371,239579-240371
Carlos_Turkey,take_lettuce,273920-274400,272995-274037,273287-274037
Carlos_Turkey,take_bowl+cup+plate+tomato,275810-276670,275078-276037,275412-276037
Carlos_Turkey,put_bowl+cup+plate+tomato,276760-278630,276037-278162,276287-278162
Carlos_Turkey,put_bowl+cup+plate+tomato,276760-278630,276037-278162,275412-276037
Carlos_Turkey,take_bread,281980-282700,281412-282162,281578-282162
Carlos_Turkey,put_bowl+bread+cup+plate,283990-284800,283412-284245,283578-284245
Carlos_Turkey,take_bread,286630-287490,286037-287037,286328-287037
Carlos_Turkey,put_bowl+bread+cup+plate,295240-296470,294536-295828,294828-295828
Carlos_Turkey,take_knife,297550-298810,298245-299703,298453-299703
Carlos_Turkey,take_knife,297550-298810,297161-298120,297411-298120
Carlos_Turkey,put_bowl+bread+cup+plate,310370-311260,309620-310661,309870-310661
Carlos_Turkey,put_knife,311260-312060,310536-311453,309870-310661
Carlos_Turkey,put_knife,311260-312060,310536-311453,310870-311453
Carlos_Turkey,take_bowl+cup+plate+tomato,345940-346560,344952-346161,345452-346161
Carlos_Turkey,take_bread,347740-348740,346994-348702,347161-348702
Carlos_Turkey,put_bowl+bread+cup+plate,350460-351050,349202-350827,349661-350827
Carlos_Turkey,compress_sandwich,352370-354160,351786-353494,352077-353494
Carlos_Turkey,put_knife,356080-357230,355702-356702,356077-356702
Carlos_Turkey,open_fridge,363100-364550,362452-363744,362827-363744
Carlos_Turkey,open_fridge,368400-370330,368244-369827,368619-369827
Carlos_Turkey,close_fridge,376290-378060,375535-377410,375910-377410
Carlos_Turkey,open_fridge,378310-379600,377618-379368,378035-379368
Carlos_Turkey,open_freezer,384070-385440,385410-386577,385785-386577
Carlos_Turkey,take_bowl+cup+plate,388470-389620,387868-389493,388410-389493
Carlos_Turkey,put_bowl+cup+plate,393840-395080,393410-394493,393785-394493
Carlos_Turkey,open_fridge,72180-73360,70832-72790,71373-72790
Carlos_Turkey,close_fridge,78870-84020,78748-83207,78957-83207
Carlos_Turkey,put_lettuce-container,85090-86110,84706-86081,85498-86081
Carlos_Turkey,take_bowl+cup+plate+tomato,99770-105050,102790-104456,103248-104456
Rahul_American,open_fridge,131111-132330,130581-131789,130831-131789
Rahul_American,open_fridge,131111-132330,131997-133164,132206-133164
Rahul_American,take_milk-container,139532-140834,139039-139872,139247-139872
Rahul_American,put_bowl+cup+plate,147643-148197,146747-147664,147289-147664
Rahul_American,open_fridge,152150-153309,151455-152705,151914-152705
Rahul_American,put_bowl+cup+plate,191430-201260,190871-200538,191371-200538
Rahul_American,put_bowl+cup+plate,213932-218112,213454-217746,213704-217746
Rahul_American,take_bowl+cup+plate,231494-232564,232079-233037,232412-233037
Rahul_American,take_bowl+cup+plate,231494-232564,231037-231954,231412-231954
Rahul_American,turn-on_burner,235184-237894,234579-237496,235121-237496
Rahul_American,take_oil-container,241870-243366,241329-242746,241746-242746
Rahul_American,open_oil-container,244583-247823,243912-247329,244287-247329
Rahul_American,open_oil-container,244583-247823,247246-249787,244287-247329
Rahul_American,open_oil-container,244583-247823,247246-249787,247621-249787
Rahul_American,put_oil-container,254328-256438,253829-255745,254162-255745
Rahul_American,put_bowl+cup+plate,308930-309883,308411-309286,308786-309286
Rahul_American,take_spatula,333771-335198,334827-336119,335202-336119
Rahul_American,take_spatula,333771-335198,333203-334702,333702-334702
Rahul_American,take_spatula,342783-344258,342286-343911,342452-343911
Rahul_American,turn-off_burner,443650-444402,443201-443867,443367-443867
Rahul_American,open_fridge,462679-465769,462075-465534,463200-465534
Rahul_American,take_bowl+cup+plate,471560-473220,471200-472534,471617-472534
Rahul_American,put_bowl+cup+plate,473725-474815,473284-474284,473659-474284
Rahul_American,take_bowl+cup+plate,479047-480275,478450-479242,478742-479242
Rahul_American,put_bowl+cup+plate,488643-489933,487658-489450,488200-489450
Rahul_American,open_freezer,494140-496206,493867-495908,494325-495908
Rahul_American,close_freezer,507960-508613,506908-508241,507283-508241
Rahul_American,put_bowl+cup+plate,510181-516796,509741-511075,510116-511075
Rahul_American,turn-on_burner,519071-521631,517866-519200,518200-519200
Rahul_American,turn-on_burner,519071-521631,518491-521074,518200-519200
Rahul_American,turn-on_burner,519071-521631,517866-519200,518825-521074
Rahul_American,turn-on_burner,519071-521631,518491-521074,518825-521074
Rahul_American,put_spatula,537449-538236,536449-537491,536616-537491
Rahul_American,take_oil-container,542347-543927,541741-543241,542032-543241
Rahul_American,open_oil-container,544112-546892,543616-546407,544032-546407
Rahul_American,pour_oil,547157-549767,549449-553616,549949-553616
Rahul_American,pour_oil,547157-549767,546366-549241,544032-546407
Rahul_American,pour_oil,547157-549767,546366-549241,546866-549241
Rahul_American,put_oil-container,554107-555895,553616-555616,549949-553616
Rahul_American,put_oil-container,554107-555895,553616-555616,553866-555616
Rahul_American,open_fridge,56090-57601,55332-56957,55874-56957
Rahul_American,take_bowl+cup+plate,565916-569854,565449-568282,565824-568282
Rahul_American,turn-off_burner,692787-693397,692322-692863,692572-692863
Rahul_American,open_fridge,750945-752113,750279-751571,750612-751571
Rahul_American,close_fridge,770500-771590,769654-771195,770029-771195
Rahul_American,close_fridge,770500-771590,771070-772945,770029-771195
Rahul_American,close_fridge,770500-771590,771070-772945,771445-772945
Rahul_American,close_freezer,773960-774890,773237-774445,773570-774445
Rahul_American,take_bowl+cup+knife+plate,78709-80249,78123-79790,78540-79790
Rahul_American,take_bowl+cup+knife+plate,78709-80249,79998-81790,80457-81790
Rahul_American,put_bowl+cup+plate,807780-808455,807153-807945,807487-807945
Rahul_American,read_recipe,822190-823966,821486-823111,822278-823111
Rahul_American,crack_bowl+cup+egg+plate,84100-88073,83581-86998,84290-86998
Rahul_American,crack_bowl+cup+egg+plate,90206-93835,89581-93081,89998-93081
Rahul_Burger,take_spatula,179690-180930,179122-180580,179538-180580
Rahul_Burger,put_spatula,183240-183980,182247-183580,182788-183580
Rahul_Burger,open_fridge,299190-301900,298870-301203,299286-301203
Rahul_Burger,open_freezer,302930-305170,302536-304495,302786-304495
Rahul_Burger,close_freezer,306390-307600,305745-306953,306161-306953
Rahul_Burger,close_fridge,307880-311090,307328-310495,307828-310495
Rahul_Burger,open_fridge,330570-332060,329994-331494,330828-331494
Rahul_Burger,close_fridge,333350-334580,332619-333619,332828-333619
Rahul_Burger,open_fridge,336330-337870,335619-337327,336286-337327
Rahul_Burger,close_fridge,341990-343410,341744-342869,342119-342869
Rahul_Burger,take_bowl+cup+plate+tomato,346140-347490,344744-347036,345411-347036
Rahul_Burger,take_knife,348330-349640,347952-349077,348244-349077
Rahul_Burger,cut_tomato,351510-358240,350369-357869,350952-357869
Rahul_Burger,put_knife,358420-359160,358035-358744,358285-358744
Rahul_Burger,put_bowl+cup+plate+tomato,363660-364500,363285-364160,363494-364160
Rahul_Burger,open_fridge,365940-367450,365410-366535,365869-366535
Rahul_Burger,open_fridge,368590-369510,367994-368910,368327-368910
Rahul_Burger,close_fridge,375000-378410,374244-378160,374827-378160
Rahul_Burger,take_lettuce,382490-386060,381535-385535,382202-385535
Rahul_Burger,open_fridge,405930-407330,405493-407243,405868-407243
Rahul_Burger,close_fridge,409750-411120,408743-410243,408868-410243
Rahul_Burger,open_fridge,419540-420810,418993-420451,419576-420451
Rahul_Burger,close_fridge,421670-422640,421326-422868,421784-422868
Rahul_Burger,close_fridge,421670-422640,421534-422993,421784-422868
Rahul_Burger,close_fridge,421670-422640,421326-422868,421993-422993
Rahul_Burger,close_fridge,421670-422640,421534-422993,421993-422993
Rahul_Burger,close_fridge,433770-435210,433118-433993,433368-433993
Rahul_Burger,compress_sandwich,437420-439520,436326-438492,436909-438492
Rahul_Burger,read_recipe,50970-54660,50540-53999,51040-53999
Rahul_Burger,open_fridge,56000-57430,55624-57249,55999-57249
Rahul_Burger,close_fridge,59690-61100,59165-60624,59374-60624
Rahul_Burger,take_bowl+cup+plate,72880-74690,72373-74207,72748-74207
Rahul_Burger,put_bowl+cup+plate,75520-76200,74165-75665,74707-75665
Rahul_Burger,put_bowl+cup+plate,75520-76200,74165-75665,72748-74207
Rahul_Burger,put_bowl+cup+plate,75520-76200,75957-76915,76373-76915
Rahul_Burger,put_knife,83100-83940,82623-83498,82832-83498
Rahul_Burger,close_freezer,90190-91470,89540-90998,89956-90998
Rahul_Burger,take_spatula,94250-96720,93581-96456,93915-96456
Rahul_Burger,put_spatula,96620-98820,96706-98165,97040-98165
Rahul_Greek,open_fridge,115580-116500,115289-116289,115748-116289
Rahul_Greek,open_fridge,115580-116500,116206-117914,115748-116289
Rahul_Greek,open_fridge,115580-116500,116206-117914,116498-117914
Rahul_Greek,open_fridge-drawer,119440-120370,119039-120164,119456-120164
Rahul_Greek,close_fridge-drawer,122300-123290,121789-122539,121998-122539
Rahul_Greek,close_fridge,123570-126350,123623-125456,124081-125456
Rahul_Greek,take_knife,127660-128210,127289-127997,127622-127997
Rahul_Greek,put_knife,147030-147680,146289-147330,146747-147330
Rahul_Greek,put_bowl+cup+plate,169230-169780,168747-169455,169122-169455
Rahul_Greek,put_bowl+cup+plate,169230-169780,169288-170163,169122-169455
Rahul_Greek,put_bowl+cup+plate,169230-169780,169288-170163,169622-170163
Rahul_Greek,read_recipe,172490-177880,172205-177330,172663-177330
Rahul_Greek,open_fridge,179480-180610,179080-180413,179455-180413
Rahul_Greek,close_fridge,195990-197870,195913-197788,196330-197788
Rahul_Greek,take_knife,198790-199250,198205-198830,198538-198830
Rahul_Greek,close_fridge,248135-249805,247746-249162,248162-249162
Rahul_Greek,open_freezer,262605-263925,262120-263954,262537-263954
Rahul_Greek,close_freezer,264685-265525,264329-265162,264579-265162
Rahul_Greek,take_knife,268010-268770,267745-268454,267995-268454
Rahul_Greek,put_knife,281800-282210,281287-282078,281620-282078
Rahul_Greek,open_freezer,285975-287095,285245-287162,285828-287162
Rahul_Greek,open_fridge,288980-289780,287745-289703,288370-289703
Rahul_Greek,close_fridge,293110-294260,292661-293995,293161-293995
Rahul_Greek,open_fridge,299155-300095,298620-300120,299120-300120
Rahul_Greek,open_fridge,315495-316625,316453-317661,316578-317661
Rahul_Greek,open_fridge,315495-316625,315161-316369,315536-316369
Rahul_Greek,take_bowl+cup+plate,318700-319400,318286-319036,318619-319036
Rahul_Greek,put_bowl+cup+plate,321485-322485,320994-321828,321494-321828
Rahul_Greek,turn-on_tap,324100-325000,323786-324578,324244-324578
Rahul_Greek,turn-off_tap,327605-328595,326953-327869,327453-327869
Rahul_Greek,read_recipe,329025-330980,328744-330411,329203-330411
Rahul_Greek,read_recipe,34430-35660,33957-35082,34499-35082
Rahul_Greek,open_fridge,36860-38940,36749-38541,37291-38541
Rahul_Greek,close_fridge,41040-42810,40457-42082,40999-42082
Rahul_Greek,put_lettuce-container,43010-43790,42874-43832,43124-43832
Rahul_Greek,take_knife,60590-61120,60207-60999,60457-60999
Rahul_Greek,take_lettuce,68220-68500,67707-68248,67998-68248
Rahul_Greek,take_lettuce,71700-72370,71415-72082,71748-72082
Rahul_Greek,open_fridge,74820-75930,74332-75790,74748-75790
Rahul_Greek,open_fridge,74820-75930,75332-77332,74748-75790
Rahul_Greek,open_fridge,74820-75930,75332-77332,75832-77332
Rahul_Greek,take_bowl+cup+plate+tomato,82100-83450,83040-84123,83332-84123
Rahul_Greek,take_bowl+cup+plate+tomato,82100-83450,83040-84123,81998-83165
Rahul_Greek,take_bowl+cup+plate+tomato,82100-83450,81498-83165,81998-83165
Rahul_Greek,take_bowl+cup+plate+tomato,82100-83450,83040-84123,84040-84373
Rahul_Greek,take_knife,84250-84600,84206-86915,84540-86915
Rahul_Greek,take_knife,84250-84600,83706-84373,83332-84123
Rahul_Greek,take_knife,84250-84600,84206-86915,84040-84373
Rahul_Greek,take_knife,84250-84600,83706-84373,84040-84373
Rahul_Greek,take_bowl+cup+plate+tomato,99920-100400,99831-100748,100123-100748
Rahul_Greek,take_bowl+cup+plate+tomato,99920-100400,99623-100748,100123-100748
Rahul_Greek,take_bowl+cup+plate+tomato,99920-100400,99831-100748,99790-100748
Rahul_Greek,take_bowl+cup+plate+tomato,99920-100400,99623-100748,99790-100748
Rahul_Pasta,cut_tomato,104195-106215,102956-105831,104289-105831
Rahul_Pasta,cut_tomato,109460-116900,108706-110081,109081-110081
Rahul_Pasta,cut_tomato,109460-116900,116706-117956,116998-117956
Rahul_Pasta,put_bowl+cup+plate+tomato,118640-120515,118456-120456,119206-120456
Rahul_Pasta,close_fridge,124955-125965,124414-125539,124581-125539
Rahul_Pasta,take_knife,126690-127430,126247-127247,126872-127247
Rahul_Pasta,put_bowl+cup+plate,208280-208940,207788-208413,208038-208413
Rahul_Pasta,put_bowl+cup+plate,220470-221890,219913-221121,220371-221121
Rahul_Pasta,put_knife,221905-223245,221954-222954,222538-222954
Rahul_Pasta,read_recipe,223610-226280,223038-225579,223454-225579
Rahul_Pasta,close_fridge,230475-231785,230079-231287,230204-231287
Rahul_Pasta,take_knife,233195-234055,232787-233662,233204-233662
Rahul_Pasta,cut_pepper,234310-236110,233704-235662,234079-235662
Rahul_Pasta,take_knife,322070-322810,322328-323411,322786-323411
Rahul_Pasta,take_knife,322070-322810,321286-322161,321786-322161
Rahul_Pasta,put_bowl+cup+plate,331765-332485,331369-332453,331578-332453
Rahul_Pasta,put_bowl+cup+plate,331765-332485,332453-333036,331578-332453
Rahul_Pasta,put_bowl+cup+plate,331765-332485,332453-333036,332703-333036
Rahul_Pasta,open_fridge,337167-338277,336119-337827,337077-337827
Rahul_Pasta,open_fridge,348477-349897,347952-349661,348577-349661
Rahul_Pasta,close_fridge,350742-352002,350494-351286,350619-351286
Rahul_Pasta,read_recipe,36060-37850,35749-37207,36207-37207
Rahul_Pasta,put_bowl+cup+plate,392729-393819,392118-393493,392493-393493
Rahul_Pasta,read_recipe,395659-399529,395160-398743,395743-398743
Rahul_Pasta,put_knife,414644-415104,414201-414868,414451-414868
Rahul_Pasta,take_knife,417679-418219,417159-417743,417534-417743
Rahul_Pasta,put_knife,422984-423534,422493-423201,422826-423201
Rahul_Pasta,turn-on_burner,43420-45250,43040-44499,43540-44499
Rahul_Pasta,put_knife,451505-452085,450951-451701,451242-451701
Rahul_Pasta,open_fridge,453455-456205,452784-455284,453826-455284
Rahul_Pasta,open_fridge,457205-458435,456826-457742,457159-457742
Rahul_Pasta,close_fridge-drawer,466235-467045,465825-466450,466034-466450
Rahul_Pasta,take_knife,470900-471540,470450-471159,470825-471159
Rahul_Pasta,turn-on_tap,47955-48565,47165-48707,47582-48707
Rahul_Pasta,put_knife,483352-483692,482867-483492,483158-483492
Rahul_Pasta,take_knife,486572-487142,486117-486783,486367-486783
Rahul_Pasta,put_knife,502540-503180,502200-502783,502491-502783
Rahul_Pasta,take_knife,517175-517615,516741-517283,517033-517283
Rahul_Pasta,put_knife,519075-519465,518741-519200,518991-519200
Rahul_Pasta,open_fridge,520645-522345,520200-521908,520825-521908
Rahul_Pasta,open_fridge-drawer,522400-523170,521949-522949,522408-522949
Rahul_Pasta,close_fridge-drawer,523890-524650,523449-524116,523574-524116
Rahul_Pasta,close_fridge,524825-525715,524241-525199,524449-525199
Rahul_Pasta,take_knife,526365-527125,526408-526991,526699-526991
Rahul_Pasta,turn-on_tap,53405-53775,52790-53582,53165-53582
Rahul_Pasta,read_recipe,538850-541160,538241-540491,538866-540491
Rahul_Pasta,close_fridge,546110-550000,546741-549491,547366-549491
Rahul_Pasta,open_fridge,563810-565400,563365-564865,564074-564865
Rahul_Pasta,close_fridge,566335-567515,566157-567032,566324-567032
Rahul_Pasta,read_recipe,601580-603320,600907-602490,601407-602490
Rahul_Pasta,open_fridge,617210-618370,616448-617990,617073-617990
Rahul_Pasta,close_fridge,619400-620430,618865-619865,618990-619865
Rahul_Pasta,take_knife,626005-628525,627114-628114,627406-628114
Rahul_Pasta,put_knife,633640-634140,633323-633906,633573-633906
Rahul_Pasta,open_fridge,638535-640195,637614-639739,638531-639739
Rahul_Pasta,close_fridge,641895-643335,641656-642823,641948-642823
Rahul_Pasta,open_fridge,711050-712590,710696-712446,711071-712446
Rahul_Pasta,open_fridge,72625-74485,72123-73998,72665-73998
Rahul_Pasta,turn-off_burner,741350-742610,741238-742071,741571-742071
Rahul_Pasta,turn-on_tap,757268-757938,756737-757821,757029-757821
Rahul_Pasta,close_fridge,76395-77865,75957-77457,76207-77457
Rahul_Pasta,open_fridge,809360-810750,808695-810778,809487-810778
Rahul_Pasta,close_fridge,842980-844560,842653-844528,842944-844528
Rahul_Pasta,open_fridge,854150-855090,853569-854819,854028-854819
Rahul_Pasta,close_fridge,856340-857260,855527-856694,855694-856694
Rahul_Pasta,put_bowl+cup+plate+tomato,86320-87240,86248-87248,86540-87248
Rahul_Pasta,take_bowl+cup+plate,866740-867260,866152-866819,866486-866819
Rahul_Pasta,put_bowl+cup+plate,871015-871915,869986-871152,870486-871152
Rahul_Pasta,take_knife,90475-91075,90165-90790,90456-90790
Rahul_Pasta,cut_tomato,92190-94290,91456-94123,91956-94123
Rahul_Pizza,open_freezer,102950-105310,101665-104331,102373-104331
Rahul_Pizza,close_freezer,105610-106610,104414-105873,104706-105873
Rahul_Pizza,open_freezer,109740-111290,108164-110789,109206-110789
Rahul_Pizza,take_bowl+cup+plate,119833-121958,120623-122831,121664-122831
Rahul_Pizza,take_bowl+cup+plate,119833-121958,119081-120414,119498-120414
Rahul_Pizza,take_knife,133504-134709,132581-133539,132997-133539
Rahul_Pizza,read_recipe,136470-140630,135747-139122,136206-139122
Rahul_Pizza,open_freezer,208455-210374,210163-211371,210538-211371
Rahul_Pizza,open_freezer,208455-210374,207705-209496,208330-209496
Rahul_Pizza,open_fridge,212368-213328,211413-212538,211746-212538
Rahul_Pizza,close_fridge,214713-215983,213788-214954,213996-214954
Rahul_Pizza,put_bowl+cup+plate,216343-218573,216788-217704,217371-217704
Rahul_Pizza,cut_pepper,218453-254920,217329-219288,217829-219288
Rahul_Pizza,cut_pepper,218453-254920,217329-219288,217371-217704
Rahul_Pizza,open_fridge,271776-272976,272745-273620,272870-273620
Rahul_Pizza,open_fridge,271776-272976,270620-271995,271162-271995
Rahul_Pizza,read_recipe,276739-280359,275537-279203,275953-279203
Rahul_Pizza,turn-on_burner,284634-286260,282828-285495,284120-285495
Rahul_Pizza,take_oil-container,291882-293583,290828-292286,291120-292286
Rahul_Pizza,open_oil-container,295337-299327,294286-298161,294620-298161
Rahul_Pizza,pour_oil,300497-303480,299286-302203,299661-302203
Rahul_Pizza,close_oil-container,303493-307663,302703-306786,303203-306786
Rahul_Pizza,put_oil-container,307803-308791,306828-307828,307120-307828
Rahul_Pizza,open_fridge,310032-311581,309078-311036,309620-311036
Rahul_Pizza,put_bowl+cup+plate,317426-318416,316661-317494,317036-317494
Rahul_Pizza,cut_mushroom,319046-335339,317994-334202,318828-334202
Rahul_Pizza,cut_mushroom,338205-359418,337536-353827,338077-353827
Rahul_Pizza,cut_mushroom,338205-359418,358369-359285,358785-359285
Rahul_Pizza,take_bowl+cup+plate,359386-360461,359702-360410,359994-360410
Rahul_Pizza,take_bowl+cup+plate,364720-365548,363952-365119,364410-365119
Rahul_Pizza,take_bowl+cup+plate,367518-370109,366619-369244,367077-369244
Rahul_Pizza,take_bowl+cup+plate,372017-372824,371244-372119,371702-372119
Rahul_Pizza,take_spatula,377935-378988,376868-377993,377202-377993
Rahul_Pizza,open_fridge,44490-45780,43540-45124,43957-45124
Rahul_Pizza,take_bowl+cup+knife+plate,466751-467730,467617-468825,468117-468825
Rahul_Pizza,close_fridge,475156-476059,474242-475242,474409-475242
Rahul_Pizza,read_recipe,484380-487977,483533-486742,483950-486742
Rahul_Pizza,open_freezer,498107-500032,497033-499325,498033-499325
Rahul_Pizza,close_freezer,500074-501203,499325-500450,499617-500450
Rahul_Pizza,close_freezer,500074-501203,499325-500450,498033-499325
Rahul_Pizza,close_freezer,502579-503697,501408-502950,501825-502950
Rahul_Pizza,open_fridge,503735-505487,502741-504241,501825-502950
Rahul_Pizza,open_fridge,503735-505487,502741-504241,503075-504241
Rahul_Pizza,read_recipe,530290-532967,529491-531741,529908-531741
Rahul_Pizza,close_fridge,53410-54270,52540-53582,52707-53582
Rahul_Pizza,open_freezer,66930-68563,66040-68540,66457-68540
Rahul_Snack,turn-on_burner,108653-109677,108373-109498,108664-109498
Rahul_Snack,take_bowl+cup+plate,114317-114672,113414-114539,113831-114539
Rahul_Snack,take_honey-container,131475-132616,131122-131747,131414-131747
Rahul_Snack,put_honey-container,141576-142376,140997-141831,141372-141831
Rahul_Snack,take_bowl+cup+plate,160139-161039,159747-160705,160080-160705
Rahul_Snack,open_microwave,162392-164764,161580-163830,163039-163830
Rahul_Snack,put_bowl+cup+plate,164425-168227,165122-167330,165497-167330
Rahul_Snack,read_recipe,202923-226910,202455-226038,203080-226038
Rahul_Snack,take_bowl+cup+plate,277230-281362,276787-279828,277203-279828
Rahul_Snack,put_bowl+cup+plate,282682-283694,281953-283370,282620-283370
Rahul_Snack,open_fridge,292182-293458,291412-293161,292245-293161
Rahul_Snack,take_bread,352336-355990,351827-354161,352161-354161
Rahul_Snack,compress_sandwich,356540-361676,357202-358702,357702-358702
Rahul_Snack,take_bowl+cup+plate,363490-364753,364327-365869,364994-365869
Rahul_Snack,take_bowl+cup+plate,363490-364753,363119-363827,363494-363827
Rahul_Snack,open_freezer,38990-40795,38374-40374,38957-40374
Rahul_Snack,take_milk-container,395980-397562,395535-396785,395993-396785
Rahul_Snack,close_freezer,40817-41827,40416-41624,40791-41624
Rahul_Snack,close_freezer,40817-41827,41374-42999,40791-41624
Rahul_Snack,close_freezer,40817-41827,41374-42999,41749-42999
Rahul_Snack,open_fridge,409173-409973,408660-409535,408826-409535
Rahul_Snack,turn-off_burner,416863-419308,416243-418159,416784-418159
Rahul_Snack,close_freezer,43337-44387,42999-44165,43499-44165
Rahul_Snack,close_freezer,43337-44387,42999-44165,41749-42999
Rahul_Snack,close_freezer,43337-44387,44374-45832,44749-45832
Rahul_Snack,put_bowl+cup+plate,460441-462701,459700-461825,460742-461825
Rahul_Snack,take_honey-container,491290-493181,490867-491825,491200-491825
Rahul_Snack,close_fridge,52157-53387,51707-53457,52207-53457
Rahul_Snack,take_bread,67670-70280,67540-69540,68248-69540
Rahul_Snack,put_bowl+bread+cup+plate,70370-70780,69915-70540,70248-70540
Rahul_Snack,open_fridge,81950-85680,81373-85373,82415-85373
Rahul_Snack,close_fridge,87025-88545,86456-88415,86623-88415
Rahul_Snack,turn-on_tap,92925-94745,92581-94165,93081-94165
Rahul_Turkey,close_fridge,100830-102020,100665-101831,100831-101831
Rahul_Turkey,open_fridge,119570-120950,119331-120873,119956-120873
Rahul_Turkey,put_lettuce-container,120990-122790,120456-122456,119956-120873
Rahul_Turkey,put_lettuce-container,120990-122790,120456-122456,121164-122456
Rahul_Turkey,open_fridge,129370-131540,129081-131372,129497-131372
Rahul_Turkey,close_fridge,132670-135680,132456-135706,132622-135706
Rahul_Turkey,open_bread-container,137100-144600,136914-143081,137539-143081
Rahul_Turkey,put_bowl+bread+cup+plate,152960-154220,153122-153872,153539-153872
Rahul_Turkey,put_bowl+bread+cup+plate,152960-154220,152539-153789,153539-153872
Rahul_Turkey,put_bowl+bread+cup+plate,152960-154220,153122-153872,152914-153789
Rahul_Turkey,put_bowl+bread+cup+plate,152960-154220,152539-153789,152914-153789
Rahul_Turkey,take_bowl+cup+plate+tomato,155950-156570,155997-156914,156872-156914
Rahul_Turkey,put_knife,164240-165210,164080-165205,164455-165205
Rahul_Turkey,open_freezer,191020-192440,190830-192705,191371-192705
Rahul_Turkey,close_freezer,202970-204810,202663-204496,203080-204496
Rahul_Turkey,open_freezer,209290-210990,209079-210788,209538-210788
Rahul_Turkey,close_freezer,214900-216280,214704-215996,214996-215996
Rahul_Turkey,open_fridge,231880-233230,231662-233287,232246-233287
Rahul_Turkey,close_fridge,234290-235520,233579-235162,233912-235162
Rahul_Turkey,open_fridge,250830-251640,250037-251704,250620-251704
Rahul_Turkey,open_fridge,253210-253900,252287-253495,252495-253495
Rahul_Turkey,open_fridge,253210-253900,252370-254412,252495-253495
Rahul_Turkey,open_fridge,253210-253900,252287-253495,252745-254412
Rahul_Turkey,open_fridge,253210-253900,252370-254412,252745-254412
Rahul_Turkey,close_fridge,262200-263740,261912-263579,262120-263579
Rahul_Turkey,close_fridge,273700-274730,273620-274787,273828-274787
Rahul_Turkey,compress_sandwich,278260-279940,277953-279662,278287-279662
Rahul_Turkey,read_recipe,36190-37990,35832-37457,36582-37457
Rahul_Turkey,open_fridge,39870-45050,39541-41291,40249-41291
Rahul_Turkey,take_bowl+cup+plate+tomato,60430-62190,60082-62124,61290-62124
Rahul_Turkey,put_bowl+cup+plate+tomato,66870-67570,66665-67415,66957-67415
Rahul_Turkey,take_bowl+cup+plate+tomato,68090-71190,69998-71290,70498-71290
Rahul_Turkey,put_bowl+cup+plate+tomato,73060-73820,72623-73665,73082-73665
Rahul_Turkey,take_knife,73900-74600,73707-74415,73998-74415
Rahul_Turkey,cut_tomato,76890-87330,76290-87206,77123-87206
Rahul_Turkey,take_bowl+cup+plate+tomato,87390-88240,87081-88081,77123-87206
Rahul_Turkey,take_bowl+cup+plate+tomato,87390-88240,87081-88081,87415-88081
Rahul_Turkey,open_fridge,94860-96050,94290-95998,94956-95998
Rahul_Turkey,put_bowl+cup+plate+tomato,96110-97780,95623-97415,94956-95998
Rahul_Turkey,put_bowl+cup+plate+tomato,96110-97780,95623-97415,96165-97415
Shaghayegh_American,put_bowl+cup+plate,106815-107385,106164-107748,106414-107748
Shaghayegh_American,take_milk-container,110790-111300,110498-111206,110623-111206
Shaghayegh_American,take_oil-container,171000-173110,170205-171538,170538-171538
Shaghayegh_American,close_oil-container,205775-206865,205413-206288,205746-206288
Shaghayegh_American,put_oil-container,208275-209285,207955-208704,208371-208704
Shaghayegh_American,put_bowl+cup+plate,236890-238260,236662-237996,237121-237996
Shaghayegh_American,open_fridge,247805-250415,247579-249162,248037-249162
Shaghayegh_American,close_fridge,251570-253740,251912-253579,252454-253579
Shaghayegh_American,take_spatula,282670-283880,282370-283828,282828-283828
Shaghayegh_American,put_spatula,340255-341845,340036-341536,340244-341536
Shaghayegh_American,take_bowl+cup+plate,352980-354970,352952-354285,353327-354285
Shaghayegh_American,put_bowl+cup+plate,362370-363560,361994-363327,362369-363327
Shaghayegh_American,open_fridge,363810-366360,363577-365119,363910-365119
Shaghayegh_American,close_fridge,368215-371145,368035-370994,368535-370994
Shaghayegh_American,open_fridge,388275-389375,387785-389535,388327-389535
Shaghayegh_American,open_fridge,38930-42480,38666-40541,39166-40541
Shaghayegh_American,close_fridge,391370-392450,390660-391743,390827-391743
Shaghayegh_American,take_bowl+cup+plate,398760-400230,398493-399951,398743-399951
Shaghayegh_American,put_bowl+cup+plate,401360-402990,400160-401410,400368-401410
Shaghayegh_American,take_spatula,404580-405010,404201-404993,404535-404993
Shaghayegh_American,put_spatula,435160-436200,434701-435701,435034-435701
Shaghayegh_American,take_oil-container,442380-443420,442034-443201,442659-443201
Shaghayegh_American,pour_oil,447000-449530,446576-449492,447034-449492
Shaghayegh_American,put_oil-container,452570-453830,452367-453451,452701-453451
Shaghayegh_American,open_freezer,455320-458740,455076-459284,455534-459284
Shaghayegh_American,close_freezer,461740-463350,461242-462534,461742-462534
Shaghayegh_American,put_bowl+cup+plate,490360-491220,490158-491200,490408-491200
Shaghayegh_American,open_fridge,526270-528810,526116-528491,526741-528491
Shaghayegh_American,close_fridge,534170-536310,532533-534491,532824-534491
Shaghayegh_American,close_freezer,547020-548200,545824-547657,546324-547657
Shaghayegh_American,take_spatula,561560-562210,561241-562449,561699-562449
Shaghayegh_American,put_spatula,568440-569600,567907-569115,568365-569115
Shaghayegh_American,open_freezer,667700-669050,667572-669239,667947-669239
Shaghayegh_American,close_freezer,669960-670890,669155-670572,669614-670572
Shaghayegh_American,close_freezer,669960-670890,669155-670572,667947-669239
Shaghayegh_American,take_spatula,673400-674520,672572-674530,673114-674530
Shaghayegh_American,put_spatula,679570-680580,679155-679822,679364-679822
Shaghayegh_American,crack_bowl+cup+egg+plate,85165-91245,84956-92956,85581-92956
Shaghayegh_American,take_bowl+cup+plate,95230-96900,96790-97331,96956-97331
Shaghayegh_American,take_bowl+cup+plate,95230-96900,95081-96706,95456-96706
Shaghayegh_Pizza,put_knife,107500-108420,106706-107623,107123-107623
Shaghayegh_Pizza,cut_pepper,113285-116235,111789-115456,112331-115456
Shaghayegh_Pizza,take_knife,120280-120960,119623-120289,119914-120289
Shaghayegh_Pizza,open_fridge,136425-139285,135706-138747,136372-138747
Shaghayegh_Pizza,close_fridge,140805-143515,139789-142956,140039-142956
Shaghayegh_Pizza,open_fridge,153955-155315,153164-154789,153497-154789
Shaghayegh_Pizza,close_fridge,156805-157355,155747-157039,156039-157039
Shaghayegh_Pizza,cut_mushroom,170800-180810,169955-180122,170705-180122
Shaghayegh_Pizza,put_knife,182490-182910,182455-184247,182913-184247
Shaghayegh_Pizza,put_spatula,214550-216060,213621-215079,213913-215079
Shaghayegh_Pizza,take_spatula,221490-222280,220746-221579,221079-221579
Shaghayegh_Pizza,turn-off_burner,265010-266010,264245-265079,264495-265079
Shaghayegh_Pizza,open_fridge,28440-31220,27624-30166,28082-30166
Shaghayegh_Pizza,put_spatula,297145-298275,296495-297286,296786-297286
Shaghayegh_Pizza,open_freezer,306330-307710,307328-309370,307786-309370
Shaghayegh_Pizza,open_freezer,306330-307710,305328-307245,305703-307245
Shaghayegh_Pizza,open_freezer,336225-337405,335494-337411,335952-337411
Shaghayegh_Pizza,close_freezer,339245-339760,338911-340369,338577-339244
Shaghayegh_Pizza,close_freezer,339245-339760,338911-340369,339369-340369
Shaghayegh_Pizza,close_fridge,342310-343420,341452-342744,341744-342744
Shaghayegh_Pizza,open_fridge,364495-366065,363744-365410,364244-365410
Shaghayegh_Pizza,close_fridge,367305-368235,366535-367785,366660-367785
Shaghayegh_Pizza,close_fridge,38955-42925,38124-42040,38457-42040
Shaghayegh_Pizza,take_oil-container,52593-54573,51874-54040,52665-54040
Shaghayegh_Pizza,open_oil-container,57048-57988,56415-57165,56832-57165
Shaghayegh_Pizza,turn-on_burner,61973-64553,61290-63832,61749-63832
Shaghayegh_Pizza,close_oil-container,64858-66988,64040-65790,64332-65790
Shaghayegh_Pizza,close_oil-container,64858-66988,66790-67957,67248-67957
Shaghayegh_Pizza,take_knife,85060-86080,84540-85331,84748-85331
Shaghayegh_Snack,open_fridge,111260-112810,110414-112373,110998-112373
Shaghayegh_Snack,close_fridge,115255-116975,114164-116456,114956-116456
Shaghayegh_Snack,open_microwave,118660-121210,118164-120623,118706-120623
Shaghayegh_Snack,open_microwave,118660-121210,120914-122164,121456-122164
Shaghayegh_Snack,open_fridge,151935-153225,151414-152955,151914-152955
Shaghayegh_Snack,close_fridge,154570-155580,153872-154914,154122-154914
Shaghayegh_Snack,put_bowl+cup+plate,178840-179980,178122-179247,178580-179247
Shaghayegh_Snack,close_fridge,187745-189255,187205-188746,187413-188746
Shaghayegh_Snack,open_bread-container,190260-198070,190330-197121,190705-197121
Shaghayegh_Snack,take_bread,199220-201170,198663-200205,199080-200205
Shaghayegh_Snack,put_bowl+bread+cup+plate,201580-203760,200955-203080,201705-203080
Shaghayegh_Snack,take_bread,225915-227655,225704-226829,226163-226829
Shaghayegh_Snack,compress_sandwich,228140-230820,228663-230246,229163-230246
Shaghayegh_Snack,open_fridge,245955-247715,245371-247454,246162-247454
Shaghayegh_Snack,close_fridge,249395-250495,248871-249912,249204-249912
Shaghayegh_Snack,turn-on_tap,258640-259470,258162-259370,258537-259370
Shaghayegh_Snack,turn-on_burner,268410-271580,267870-271162,268287-271162
Shaghayegh_Snack,take_bowl+cup+plate,290710-293920,288162-292161,289412-292161
Shaghayegh_Snack,take_bowl+cup+plate,29884-31214,29582-30707,29957-30707
Shaghayegh_Snack,put_bowl+cup+plate,304570-305040,303995-304870,304120-304870
Shaghayegh_Snack,open_fridge,330250-332450,329703-331828,330536-331828
Shaghayegh_Snack,take_milk-container,332305-333745,333328-334536,333452-334536
Shaghayegh_Snack,take_milk-container,332305-333745,331911-332953,332203-332953
Shaghayegh_Snack,take_honey-container,345070-346060,345494-349827,346077-349827
Shaghayegh_Snack,take_honey-container,345070-346060,345494-349827,344994-345536
Shaghayegh_Snack,take_honey-container,345070-346060,344619-345536,344994-345536
Shaghayegh_Snack,put_honey-container,356240-356990,355494-356285,355785-356285
Shaghayegh_Snack,open_fridge,359010-360990,358410-360244,358869-360244
Shaghayegh_Snack,close_fridge,363010-365890,362827-365202,363285-365202
Shaghayegh_Snack,take_bowl+cup+plate,370755-372015,370285-371160,370535-371160
Shaghayegh_Snack,put_bowl+cup+plate,374850-375920,374035-375118,374494-375118
Shaghayegh_Snack,turn-off_burner,377140-379550,376827-379118,377452-379118
Shaghayegh_Snack,put_bowl+cup+plate,40404-40924,40041-41082,40291-41082
Shaghayegh_Snack,take_bowl+cup+plate,417590-418680,416243-418284,416784-418284
Shaghayegh_Snack,take_bowl+cup+plate,445385-447265,444951-446201,445284-446201
Shaghayegh_Snack,open_honey-container,53112-53762,52457-53374,52874-53374
Shaghayegh_Snack,put_honey-container,60702-61392,60040-60749,60332-60749
Yin_American,turn-on_burner,189450-197710,188996-197413,190371-197413
Yin_American,take_oil-container,206560-208390,206038-207955,206538-207955
Yin_American,open_oil-container,208420-215950,208163-215371,208454-215371
Yin_American,pour_oil,217980-229220,217413-221663,218163-221663
Yin_American,close_oil-container,230430-233780,230037-233496,230454-233496
Yin_American,put_oil-container,233820-234980,233412-234787,230454-233496
Yin_American,put_oil-container,233820-234980,233412-234787,233996-234787
Yin_American,take_bowl+cup+plate,276220-277020,274953-276828,275537-276828
Yin_American,put_bowl+cup+plate,305780-307060,305245-306745,305745-306745
Yin_American,take_bowl+cup+plate,322610-325540,322244-324369,323036-324369
Yin_American,close_fridge,335960-337800,335786-337411,336244-337411
Yin_American,put_bowl+cup+plate,339150-339510,338452-339702,338744-339702
Yin_American,open_fridge,351950-352650,350286-352327,350619-352327
Yin_American,close_fridge,371240-371720,370202-371785,370452-371785
Yin_American,take_spatula,378580-379330,378202-379243,378452-379243
Yin_American,open_fridge,42970-45110,42582-44499,43082-44499
Yin_American,put_spatula,439540-440260,438701-439701,439159-439701
Yin_American,take_bowl+cup+plate,441910-444930,441367-444326,441951-444326
Yin_American,put_bowl+cup+plate,448040-449340,447576-449992,448159-449992
Yin_American,put_spatula,457540-461970,456909-459784,457492-459784
Yin_American,put_spatula,457540-461970,459659-460950,457492-459784
Yin_American,put_spatula,457540-461970,459659-460950,459992-460950
Yin_American,take_bowl+cup+plate,462240-463160,461784-462950,462117-462950
Yin_American,put_bowl+cup+plate,465390-466670,464534-467909,464992-467909
Yin_American,open_freezer,471620-473670,471325-473742,471784-473742
Yin_American,close_freezer,478660-479560,477909-478784,478200-478784
Yin_American,take_oil-container,491440-492490,491033-492325,491450-492325
Yin_American,open_oil-container,492580-499780,492325-499450,492575-499450
Yin_American,open_oil-container,492580-499780,499408-501200,492575-499450
Yin_American,open_oil-container,492580-499780,499408-501200,500033-501200
Yin_American,open_oil-container,492580-499780,492325-499450,491450-492325
Yin_American,close_oil-container,503290-505930,503200-505700,503700-505700
Yin_American,put_oil-container,506480-507820,505950-507658,506450-507658
Yin_American,open_freezer,554970-557120,554574-556991,555157-556991
Yin_American,close_freezer,558310-559760,557657-559532,557991-559532
Yin_American,turn-on_tap,563040-563910,562615-563865,562990-563865
Yin_American,turn-off_tap,568660-569560,568490-569324,568824-569324
Yin_American,take_milk-container,57480-61830,57165-60832,57499-60832
Yin_American,take_spatula,581040-582240,580449-582157,580824-582157
Yin_American,put_spatula,592920-594130,592615-593573,593032-593573
Yin_American,open_fridge,598710-601440,598240-600990,599573-600990
Yin_American,close_fridge,609100-610630,607990-610448,608531-610448
Yin_American,take_bowl+cup+plate,629020-631980,631614-632531,631823-632531
Yin_American,take_bowl+cup+plate,629020-631980,628656-631448,628948-631448
Yin_American,take_knife,633100-634080,632656-633573,632989-633573
Yin_American,take_bowl+cup+plate,669500-670320,669155-670239,669572-670239
Yin_American,compress_sandwich,671760-673790,671239-673197,671572-673197
Yin_American,put_bowl+cup+plate,673820-674310,673489-674447,673739-674447
Yin_American,put_spatula,684400-685310,684072-685447,684572-685447
Yin_American,close_fridge,69140-70990,68790-70915,69623-70915
Yin_American,open_fridge,691970-693160,691155-692988,691905-692988
Yin_American,take_bowl+cup+plate,698450-700070,697613-699280,698072-699280
Yin_American,take_spatula,705790-707190,704905-706697,705155-706697
Yin_American,put_spatula,733870-735910,733446-735529,734029-735529
Yin_American,put_spatula,733870-735910,735821-737529,736196-737529
Yin_American,put_spatula,739220-740770,738988-740279,739529-740279
Yin_American,take_bowl+cup+plate,74090-77080,73790-76457,74248-76457
Yin_American,put_bowl+cup+plate,741950-743150,741613-743696,742113-743696
Yin_American,put_bowl+cup+plate,77090-77850,76790-77498,77040-77498
Yin_American,crack_bowl+cup+egg+plate,84370-90060,84165-89873,84706-89873
Yin_American,crack_bowl+cup+egg+plate,92840-97780,92748-97540,93081-97540
Yin_Burger,open_freezer,130415-132155,129289-131706,129789-131706
Yin_Burger,close_freezer,135895-137145,134706-136414,135039-136414
Yin_Burger,take_bowl+cup+plate+tomato,154170-159410,156580-158622,157539-158622
Yin_Burger,close_fridge,165630-168030,164080-166997,164372-166997
Yin_Burger,take_bowl+cup+plate,170580-173270,169747-171747,170122-171747
Yin_Burger,put_bowl+cup+plate,179886-180956,179830-180872,180122-180872
Yin_Burger,put_bowl+cup+plate,179886-180956,179455-180413,180122-180872
Yin_Burger,put_bowl+cup+plate,179886-180956,179830-180872,179955-180413
Yin_Burger,put_bowl+cup+plate,179886-180956,179455-180413,179955-180413
Yin_Burger,take_lettuce,187590-188690,186038-187913,186413-187913
Yin_Burger,take_lettuce,187590-188690,188246-192496,188580-192496
Yin_Burger,take_lettuce,194680-197190,193496-196246,194080-196246
Yin_Burger,put_lettuce-container,197725-201165,197038-200288,197330-200288
Yin_Burger,turn-off_tap,210320-210970,210079-210746,209746-210246
Yin_Burger,turn-off_tap,210320-210970,210079-210746,210329-210746
Yin_Burger,turn-off_tap,218390-219250,217829-218621,218163-218621
Yin_Burger,put_lettuce+bowl+cup+plate,223130-224110,222246-223579,222788-223579
Yin_Burger,take_bowl+cup+plate+tomato,224530-225270,223454-224746,222788-223579
Yin_Burger,take_bowl+cup+plate+tomato,224530-225270,223454-224746,223913-224746
Yin_Burger,turn-on_tap,230270-231330,229704-230496,230037-230496
Yin_Burger,turn-off_tap,245430-245990,244537-245454,244954-245454
Yin_Burger,put_bowl+cup+plate+tomato,250490-251530,249579-250579,249871-250579
Yin_Burger,put_spatula,265115-266685,264287-265954,264662-265954
Yin_Burger,cut_tomato,298580-334650,297286-333452,297911-333452
Yin_Burger,take_spatula,336710-337740,335786-337577,336202-337577
Yin_Burger,put_spatula,347700-349570,346869-348494,347327-348494
Yin_Burger,take_bowl+cup+plate,351715-352225,351244-351952,351619-351952
Yin_Burger,take_bowl+cup+plate,358670-361740,358202-360702,358827-360702
Yin_Burger,open_fridge,36220-37640,34499-36832,35291-36832
Yin_Burger,open_fridge,386908-388588,385952-388035,386535-388035
Yin_Burger,take_oil-container,52700-54940,51790-54290,52207-54290
Yin_Burger,put_spatula,543990-545610,543532-544574,543949-544574
Yin_Burger,turn-off_burner,549000-550760,547949-549782,548449-549782
Yin_Burger,take_spatula,551660-552580,550782-551949,551157-551949
Yin_Burger,take_bowl+cup+plate,553950-555930,552866-555282,553324-555282
Yin_Burger,put_spatula,567010-568230,566657-567449,566949-567449
Yin_Burger,turn-on_burner,58950-61840,61165-61999,61457-61999
Yin_Burger,turn-on_burner,58950-61840,57957-61124,58665-61124
Yin_Burger,turn-on_tap,608165-609055,607406-608448,607781-608448
Yin_Burger,turn-off_tap,613857-614507,612656-613865,613323-613865
Yin_Burger,open_oil-container,61910-63040,62124-64915,62665-64915
Yin_Burger,open_fridge,621490-623690,620573-623406,621115-623406
Yin_Burger,close_fridge,629190-630409,627906-629906,627989-629906
Yin_Burger,put_oil-container,70805-72475,69748-71623,70290-71623
Yin_Burger,put_oil-container,70805-72475,71748-72748,72040-72748
Yin_Greek,take_knife,139700-140770,139581-140622,140206-140622
Yin_Greek,put_bowl+cup+knife+plate,161480-162700,161205-162580,161455-162580
Yin_Greek,take_bowl+cup+knife+plate,167720-168430,167163-168580,167622-168580
Yin_Greek,put_bowl+cup+plate+tomato,229500-230260,211913-243871,214079-243871
Yin_Greek,put_bowl+cup+plate+tomato,229500-230260,229496-230204,214079-243871
Yin_Greek,put_bowl+cup+plate+tomato,229500-230260,211913-243871,229829-230204
Yin_Greek,put_bowl+cup+plate+tomato,229500-230260,229496-230204,229829-230204
Yin_Greek,take_bowl+cup+plate,244550-245510,244412-245412,245121-245412
Yin_Greek,put_bowl+cup+plate,264310-265010,264287-264912,264454-264912
Yin_Greek,open_fridge,27140-28860,26707-29041,27332-29041
Yin_Greek,take_bowl+cup+plate,272595-273605,271287-272662,271787-272662
Yin_Greek,take_bowl+cup+plate,272595-273605,272828-273287,273037-273287
Yin_Greek,put_bowl+cup+plate,289930-290810,289870-290787,290078-290787
Yin_Greek,open_fridge,296070-297720,295745-298161,296286-298161
Yin_Greek,put_bowl+cup+plate,343080-344130,342827-343952,343161-343952
Yin_Greek,open_fridge,351575-353195,351327-353202,351744-353202
Yin_Greek,open_fridge,353985-355495,353911-355577,354369-355577
Yin_Greek,close_fridge,358145-359805,357244-359535,357410-359535
Yin_Greek,open_fridge,360795-362135,360369-362410,360619-362410
Yin_Greek,close_fridge,37148-37918,36541-38124,36832-38124
Yin_Greek,take_bowl+cup+plate,413242-413942,412910-413993,413660-413993
Yin_Greek,put_bowl+cup+plate,430670-431250,430534-431159,430826-431159
Yin_Greek,open_fridge,433565-435575,433701-435368,434201-435368
Yin_Greek,put_lettuce-container,436590-438900,435909-438617,437243-438617
Yin_Greek,open_fridge,445115-447375,444659-447284,445201-447284
Yin_Greek,close_fridge,451220-452340,450701-452201,450909-452201
Yin_Greek,turn-on_tap,454850-455300,454617-455242,455076-455242
Yin_Greek,turn-off_tap,456445-456935,456326-456784,456659-456784
Yin_Greek,put_lettuce-container,55160-58920,55999-58165,56499-58165
Yin_Greek,turn-on_tap,63480-65420,63332-65082,64332-65082
Yin_Greek,take_bowl+cup+plate,93770-94570,93456-94123,93873-94123
Yin_Greek,put_lettuce+bowl+cup+plate,94600-95310,94248-95290,94665-95290
Yin_Greek,take_knife,97735-99215,97665-98748,98040-98748
Yin_Pizza,turn-on_tap,117200-119340,117331-119248,117873-119248
Yin_Pizza,take_oil-container,120620-121810,120456-122039,120789-122039
Yin_Pizza,put_oil-container,136660-137650,136872-137789,137122-137789
Yin_Pizza,take_bowl+cup+knife+plate,164800-166000,164455-165997,164830-165997
Yin_Pizza,take_bowl+cup+knife+plate,164800-166000,164539-169497,164830-165997
Yin_Pizza,take_bowl+cup+knife+plate,164800-166000,164455-165997,165705-169497
Yin_Pizza,take_bowl+cup+knife+plate,164800-166000,164539-169497,165705-169497
Yin_Pizza,put_bowl+cup+plate,189570-190550,188788-190371,189455-190371
Yin_Pizza,take_bowl+cup+plate,219450-220870,219454-221079,219954-221079
Yin_Pizza,cut_pepper,225570-229440,225329-229496,225871-229496
Yin_Pizza,cut_pepper,225570-229440,225038-226121,225871-229496
Yin_Pizza,cut_pepper,225570-229440,229412-229829,225871-229496
Yin_Pizza,cut_pepper,225570-229440,225329-229496,225454-226121
Yin_Pizza,cut_pepper,225570-229440,225038-226121,225454-226121
Yin_Pizza,cut_pepper,225570-229440,229412-229829,229537-229829
Yin_Pizza,put_bowl+cup+plate,229775-230435,229579-230621,229954-230621
Yin_Pizza,put_bowl+cup+plate,229775-230435,229579-230621,229537-229829
Yin_Pizza,put_bowl+cup+knife+plate,248510-249460,248787-249496,249037-249496
Yin_Pizza,open_fridge,273050-276580,274287-276578,275287-276578
Yin_Pizza,put_bowl+cup+plate,293875-294425,293703-294370,293911-294370
Yin_Pizza,take_knife,297735-298805,297786-298786,298328-298786
Yin_Pizza,turn-off_burner,374665-375895,374535-375618,375035-375618
Yin_Pizza,take_bowl+cup+plate,39970-40980,39874-41041,40416-41041
Yin_Pizza,put_bowl+cup+plate,400450-401140,400285-401910,400618-401910
Yin_Pizza,put_bowl+cup+plate,40995-41765,41041-41624,41291-41624
Yin_Pizza,put_bowl+cup+plate,40995-41765,41041-41624,40416-41041
Yin_Pizza,close_fridge,415445-416455,414993-416784,415451-416784
Yin_Pizza,take_bowl+cup+plate,458265-459095,458034-459034,458617-459034
Yin_Pizza,put_bowl+cup+plate,471850-472840,471784-472700,472034-472700
Yin_Pizza,close_fridge,484605-485745,484575-487075,484950-487075
Yin_Pizza,turn-on_tap,54245-55115,54165-54957,54707-54957
Yin_Pizza,turn-off_tap,65425-66325,65290-65998,65790-65998
Yin_Pizza,take_bowl+cup+knife+plate,73870-74340,72290-73998,72623-73998
Yin_Pizza,take_bowl+cup+knife+plate,73870-74340,73623-74540,72623-73998
Yin_Pizza,take_bowl+cup+knife+plate,73870-74340,72290-73998,73957-74540
Yin_Pizza,take_bowl+cup+knife+plate,73870-74340,73623-74540,73957-74540
Yin_Pizza,cut_mushroom,75735-111510,74998-87040,75915-87040
Yin_Snack,put_bowl+cup+plate,113000-114960,112789-114706,113248-114706
Yin_Snack,put_bowl+cup+plate,113000-114960,114956-115623,115123-115623
Yin_Snack,open_microwave,119345-122125,119414-121998,120498-121998
Yin_Snack,put_bowl+cup+plate,122155-124425,122164-123998,122664-123998
Yin_Snack,turn-on_tap,138360-139830,138206-139289,138622-139289
Yin_Snack,turn-off_tap,146000-146580,145747-146164,145831-146164
Yin_Snack,turn-on_burner,159405-162635,157955-161789,158539-161789
Yin_Snack,take_bowl+cup+plate,168970-177560,168955-177330,169830-177330
Yin_Snack,open_fridge,197390-199520,197163-199205,197746-199205
Yin_Snack,open_fridge,197390-199520,199246-202955,199705-202955
Yin_Snack,take_milk-container,208785-209835,208913-210371,209371-210371
Yin_Snack,take_milk-container,218475-218955,218288-218829,218371-218829
Yin_Snack,open_microwave,230530-232870,230412-232787,231412-232787
Yin_Snack,open_microwave,230530-232870,232746-235746,231412-232787
Yin_Snack,open_microwave,230530-232870,232746-235746,233912-235746
Yin_Snack,take_bread,282680-284630,281245-284078,282870-284078
Yin_Snack,take_bowl+cup+plate,31214-34564,31082-34249,31707-34249
Yin_Snack,take_bread,315110-317160,314828-317119,315578-317119
Yin_Snack,put_bowl+bread+cup+plate,317645-319215,317661-319411,318161-319411
Yin_Snack,put_bowl+cup+plate,322190-323440,321994-323203,322244-323203
Yin_Snack,take_bowl+cup+plate,334955-336775,334869-336619,335494-336619
Yin_Snack,put_bowl+cup+plate,358025-359935,358077-359244,358452-359244
Yin_Snack,take_bowl+cup+plate,362560-365400,362327-364869,362702-364869
Yin_Snack,turn-off_burner,378830-381160,377910-380952,379118-380952
Yin_Snack,open_honey-container,71390-73850,71207-73332,71748-73332
Yin_Snack,put_honey-container,81955-84345,82832-84081,83248-84081
Yin_Turkey,open_fridge,115140-117310,114623-117039,115081-117039
Yin_Turkey,close_fridge,136180-141660,135164-140831,135956-140831
Yin_Turkey,take_bowl+cup+plate,147610-149160,146872-148747,147539-148747
Yin_Turkey,take_bread,151685-153565,153289-154664,153830-154664
Yin_Turkey,take_bread,151685-153565,149997-153080,151622-153080
Yin_Turkey,open_fridge,212075-213845,211329-214121,211954-214121
Yin_Turkey,take_bowl+cup+plate+tomato,224990-227100,224621-226788,225288-226788
Yin_Turkey,close_fridge,230535-234555,229329-233829,229996-233829
Yin_Turkey,put_lettuce-container,236080-237570,237079-263245,244746-245371
Yin_Turkey,put_lettuce-container,236080-237570,237079-263245,261662-262037
Yin_Turkey,put_lettuce-container,236080-237570,235871-236954,236496-236954
Yin_Turkey,put_lettuce-container,236080-237570,237079-263245,262829-263245
Yin_Turkey,put_bowl+cup+plate+tomato,245205-245845,244246-245371,244746-245371
Yin_Turkey,put_lettuce+bowl+cup+plate,260680-262590,260495-262037,261662-262037
Yin_Turkey,take_lettuce,272620-273960,272078-273412,272453-273412
Yin_Turkey,turn-on_tap,279270-280970,279412-280537,279703-280537
Yin_Turkey,turn-off_tap,291150-292350,290412-291620,291412-291620
Yin_Turkey,take_bowl+cup+plate+tomato,298790-299830,298078-299203,298370-299203
Yin_Turkey,turn-off_tap,311020-311880,310245-311036,310828-311036
Yin_Turkey,turn-on_tap,324670-325750,324036-325203,324411-325203
Yin_Turkey,turn-off_tap,327615-328515,327244-327953,327911-327953
Yin_Turkey,put_bowl+cup+knife+plate,332585-333495,331578-333827,332161-333827
Yin_Turkey,put_bowl+cup+plate+tomato,353215-354135,352411-353619,352786-353619
Yin_Turkey,cut_tomato,355775-372170,354452-371994,355577-371994
Yin_Turkey,close_fridge,424390-427230,422743-426201,423701-426201
Yin_Turkey,open_fridge,442035-444925,441951-443992,442534-443992
Yin_Turkey,close_fridge,446380-447890,445659-447534,445784-447534
Yin_Turkey,put_bowl+bread+cup+plate,452615-454075,453451-455867,453909-455867
Yin_Turkey,put_bowl+bread+cup+plate,452615-454075,452159-453367,452701-453367
Yin_Turkey,compress_sandwich,459480-460690,458659-460075,459242-460075
