60,157,walk.v.1,treadmill,
209,233,push.v.1,button,
388,484,press.v.1,button,
620,715,press.v.1,button,
931,990,press.v.1,button,
1843,1889,press.v.1,button,
2072,2140,press.v.1,button,
2504,2544,press.v.1,button,
2976,3000,press.v.1,button,
3144,3175,press.v.1,button,
3249,3496,walk.v.1,treadmill,
3517,3677,sit.v.3,exercise bike,
4033,4069,press.v.1,button,
4302,4413,press.v.1,button,
5020,5074,press.v.1,button,
5828,5912,press.v.1,button,
5989,6133,stand.v.1,exercise bike,
3802,4035,pedal.v.1,exercise bike,
4441,5014,pedal.v.1,exercise bike,
