112,241,push.v.1,knob, seat,
314,355,pull.v.1,knob,
355,401,push.v.1,knob,
484,579,clamber.v.1,seat,
591,636,pull.v.1,bolt,
636,671,insert.v.1,bolt,
668,735,rotate.v.1,knob,
832,856,grab.v.2,handles,
856,910,pull.v.10,handles,
910,940,push.v.1,handles,
940,976,pull.v.10,handles,
976,998,push.v.1,handles,
998,1040,pull.v.10,handles,
1040,1066,push.v.1,handles,
1066,1102,pull.v.10,handles,
1102,1134,push.v.1,handles,
1134,1167,pull.v.10,handles,
1167,1198,push.v.1,handles,
1198,1230,pull.v.10,handles,
1230,1259,push.v.1,handles,
1259,1290,pull.v.10,handles,
1290,1318,push.v.1,handles,
1318,1354,pull.v.10,handles,
1354,1386,push.v.1,handles,
1386,1419,pull.v.10,handles,
1419,1459,push.v.1,handles,
1459,1490,release.v.1,handles,
1517,1562,rotate.v.1,knob,
1593,1618,grab.v.2,handles,
1618,1651,pull.v.10,handles,
1651,1678,push.v.1,handles,
1678,1707,pull.v.10,handles,
1707,1733,push.v.1,handles,
1733,1765,pull.v.10,handles,
1765,1792,push.v.1,handles,
1792,1822,pull.v.10,handles,
1822,1856,push.v.1,handles,
1856,1883,pull.v.10,handles,
1883,1911,push.v.1,handles,
1911,1941,pull.v.10,handles,
1941,1973,push.v.1,handles,
1973,1997,pull.v.10,handles,
1997,2029,push.v.1,handles,
2029,2059,pull.v.10,handles,
2059,2133,push.v.1,handles,
2133,2152,release.v.1,handles,
2199,2284,stand.v.10,self, chair,
