162,247,pull.v.1,handle, seat,
417,438,pull.v.1,handle,
438,521,push.v.1,handle,
682,799,clamber.v.1,seat,
836,879,pull.v.1,bolt,
879,932,insert.v.1,bolt,
930,1004,turn.v.4,dial,
1081,1125,place.v.1,feet, footplate,
1133,1157,grab.v.2,handles,
1154,1209,drive.v.8,handles,
1205,1240,push.v.1,handles,
1240,1272,drive.v.8,handles,
1272,1304,push.v.1,handles,
1304,1336,drive.v.8,handles,
1336,1365,push.v.1,handles,
1365,1393,drive.v.8,handles,
1393,1420,push.v.1,handles,
1423,1452,drive.v.8,handles,
1452,1480,push.v.1,handles,
1480,1515,drive.v.8,handles,
1515,1546,push.v.1,handles,
1546,1580,drive.v.8,handles,
1577,1614,push.v.1,handles,
1648,1688,release.v.1,handles,
1749,1804,rotate.v.1,dial,
1868,1902,grab.v.2,handles,
1902,1941,drive.v.8,handles,
1939,1968,push.v.1,handles,
1968,2012,drive.v.8,handles,
2012,2040,push.v.1,handles,
2040,2074,drive.v.8,handles,
2074,2108,push.v.1,handles,
2102,2134,drive.v.8,handles,
2134,2222,push.v.1,handles,
2236,2251,release.v.1,handles,
2298,2335,pull.v.1,bolt,
2335,2441,insert.v.1,bolt,
2472,2496,grab.v.2,handles,
2496,2534,drive.v.8,handles,
2534,2564,push.v.1,handles,
2564,2597,drive.v.8,handles,
2597,2626,push.v.1,handles,
2626,2663,drive.v.8,handles,
2663,2691,push.v.1,handles,
2691,2721,drive.v.8,handles,
2721,2753,push.v.1,handles,
2753,2786,drive.v.8,handles,
2786,2815,push.v.1,handles,
2815,2845,drive.v.8,handles,
2845,2894,push.v.1,handles,
2905,2959,release.v.1,handles,
2959,3076,stand.v.10,self, seat,
